place_id,name,link,main_category,categories,rating,reviews,address,coordinatex,coordinatey,webpage
ChIJDxVYR0WLGGARVrfI38KyHZE,Hacienda del cielo MODERN MEXICANO,https://www.google.com/maps/place/Hacienda+del+cielo+MODERN+MEXICANO/data=!4m7!3m6!1s0x60188b454758150f:0x911db2c2dfc8b756!8m2!3d35.6504276!4d139.7025852!16s%2Fg%2F1wyc49wb!19sChIJDxVYR0WLGGARVrfI38KyHZE?authuser=0&hl=ja&rclk=1,mekishikoLiao Li Dian ,"mekishikoLiao Li Dian , ba, resutoran, takosu resutoran, tetsukusumetsukusuLiao Li Dian (amerika)",4.2,2559.0,〒150-0033 東京都渋谷区猿楽町１０−１ 9F,35.6504276,139.7025852,http://modern-mexicano.jp/hacienda/
ChIJf5ULvqmMGGARGFULU9fYTaM,タコベル 渋谷道玄坂店,https://www.google.com/maps/place/%E3%82%BF%E3%82%B3%E3%83%99%E3%83%AB+%E6%B8%8B%E8%B0%B7%E9%81%93%E7%8E%84%E5%9D%82%E5%BA%97/data=!4m7!3m6!1s0x60188ca9be0b957f:0xa34dd8d7530b5518!8m2!3d35.6599248!4d139.6976752!16s%2Fg%2F11b7jftrn7!19sChIJf5ULvqmMGGARGFULU9fYTaM?authuser=0&hl=ja&rclk=1,takosu resutoran,"takosu resutoran, huasuto hudoDian ",3.9,1746.0,〒150-0043 東京都渋谷区道玄坂２丁目２５−１４,35.6599248,139.6976752,http://tacobell.co.jp/
ChIJUd36uqSMGGARIkBBHqsDtdQ,チレス原宿,https://www.google.com/maps/place/%E3%83%81%E3%83%AC%E3%82%B9%E5%8E%9F%E5%AE%BF/data=!4m7!3m6!1s0x60188ca4bafadd51:0xd4b503ab1e414022!8m2!3d35.6703765!4d139.705599!16s%2Fg%2F12hvlrbfr!19sChIJUd36uqSMGGARIkBBHqsDtdQ?authuser=0&hl=ja&rclk=1,mekishikoLiao Li Dian ,"mekishikoLiao Li Dian , ba, burito resutoran",4.5,1163.0,〒150-0001 東京都渋谷区神宮前１丁目８−２４ ＯＺ原宿ビル,35.6703765,139.705599,https://www.chiles-grill.com/
ChIJa8wOYOGHGGARI9QsEhBQpY0,エルトリート 西葛西店,https://www.google.com/maps/place/%E3%82%A8%E3%83%AB%E3%83%88%E3%83%AA%E3%83%BC%E3%83%88+%E8%A5%BF%E8%91%9B%E8%A5%BF%E5%BA%97/data=!4m7!3m6!1s0x601887e1600ecc6b:0x8da55010122cd423!8m2!3d35.6632363!4d139.8585645!16s%2Fg%2F1vg6tqkf!19sChIJa8wOYOGHGGARI9QsEhBQpY0?authuser=0&hl=ja&rclk=1,mekishikoLiao Li Dian ,mekishikoLiao Li Dian ,4.0,1130.0,〒134-0088 東京都江戸川区西葛西６丁目１０−１５,35.6632363,139.8585645,http://www.eltorito.jp/
ChIJz5fYlFqKGGARs_mfvMcvaD8,el caliente modern mexicano,https://www.google.com/maps/place/el+caliente+modern+mexicano/data=!4m7!3m6!1s0x60188a5a94d897cf:0x3f682fc7bc9ff9b3!8m2!3d35.6291652!4d139.7405423!16s%2Fg%2F12qfrvs5q!19sChIJz5fYlFqKGGARs_mfvMcvaD8?authuser=0&hl=ja&rclk=1,mekishikoLiao Li Dian ,"mekishikoLiao Li Dian , ba, resutoran, takosu resutoran, tetsukusumetsukusuLiao Li Dian (amerika)",4.0,1117.0,〒108-0075 東京都港区港南２丁目１８−１ アトレ品川 4F,35.6291652,139.7405423,https://www.huge.co.jp/restaurant/modern-mexicano/elcaliente
ChIJa3cs7aiMGGARsspkNHF6Mx4,TEXMEX FACTORY 渋谷公園通り店,https://www.google.com/maps/place/TEXMEX+FACTORY+%E6%B8%8B%E8%B0%B7%E5%85%AC%E5%9C%92%E9%80%9A%E3%82%8A%E5%BA%97/data=!4m7!3m6!1s0x60188ca8ed2c776b:0x1e337a713464cab2!8m2!3d35.6624737!4d139.6998545!16s%2Fg%2F11c1lk4mct!19sChIJa3cs7aiMGGARsspkNHF6Mx4?authuser=0&hl=ja&rclk=1,tetsukusumetsukusuLiao Li Dian (amerika),"tetsukusumetsukusuLiao Li Dian (amerika), biyutsuhue resutoran, mekishikoLiao Li Dian ",3.9,1067.0,〒150-0041 東京都渋谷区神南１丁目１９−３ ハイマンテン神南ビル 2F,35.6624737,139.6998545,https://tabelog.com/tokyo/A1303/A130301/13199134/party/
ChIJq6pq__qLGGARUZaiUxL-guc,MUCHO MODERN MEXICANO,https://www.google.com/maps/place/MUCHO+MODERN+MEXICANO/data=!4m7!3m6!1s0x60188bfaff6aaaab:0xe782fe1253a29651!8m2!3d35.6781367!4d139.7646834!16s%2Fg%2F1v3_2p6l!19sChIJq6pq__qLGGARUZaiUxL-guc?authuser=0&hl=ja&rclk=1,mekishikoLiao Li Dian ,"mekishikoLiao Li Dian , ba, resutoran",4.1,1034.0,"〒100-6402 東京都千代田区丸の内２丁目７−３, TOKIA, 2F 東京ビル",35.6781367,139.7646834,https://www.huge.co.jp/restaurant/modern-mexicano/mucho
ChIJ3aCa8ryMGGARvGXHKUjrxc0,フォンダ・デ・ラ・マドゥルガーダ,https://www.google.com/maps/place/%E3%83%95%E3%82%A9%E3%83%B3%E3%83%80%E3%83%BB%E3%83%87%E3%83%BB%E3%83%A9%E3%83%BB%E3%83%9E%E3%83%89%E3%82%A5%E3%83%AB%E3%82%AC%E3%83%BC%E3%83%80/data=!4m7!3m6!1s0x60188cbcf29aa0dd:0xcdc5eb4829c765bc!8m2!3d35.6735078!4d139.7080905!16s%2Fg%2F11txfrtrgf!19sChIJ3aCa8ryMGGARvGXHKUjrxc0?authuser=0&hl=ja&rclk=1,mekishikoLiao Li Dian ,mekishikoLiao Li Dian ,3.4,859.0,〒150-0001 東京都渋谷区神宮前２丁目３３−１２ ビラ・ビアンカ B1,35.6735078,139.7080905,https://fonda-tokyo.com/
ChIJleoxgaiMGGARvQKWC2UTFhE,Guzman y Gomez - Shibuya,https://www.google.com/maps/place/Guzman+y+Gomez+-+Shibuya/data=!4m7!3m6!1s0x60188ca88131ea95:0x111613650b9602bd!8m2!3d35.662318!4d139.7010072!16s%2Fg%2F11f2b64889!19sChIJleoxgaiMGGARvQKWC2UTFhE?authuser=0&hl=ja&rclk=1,mekishikoLiao Li Dian ,"mekishikoLiao Li Dian , huasuto hudoDian , Zhai Pei /Chu Qian , teikuauto",4.0,841.0,〒150-0041 東京都渋谷区神南１丁目１１−３ 第二大外ビル 1階,35.662318,139.7010072,https://tabelog.com/tokyo/A1303/A130301/13213810/dtlmenu/
ChIJhVqPOsxPGGARDixBBbPC8uI,HOME taco bar,https://www.google.com/maps/place/HOME+taco+bar/data=!4m7!3m6!1s0x60184fcc3a8f5a85:0xe2f2c2b305412c0e!8m2!3d35.3076198!4d139.4937805!16s%2Fg%2F11ftsdx2zh!19sChIJhVqPOsxPGGARDixBBbPC8uI?authuser=0&hl=ja&rclk=1,tetsukusumetsukusuLiao Li Dian (amerika),"tetsukusumetsukusuLiao Li Dian (amerika), amerikaLiao Li Dian , ba, mekishikoLiao Li Dian ",4.8,821.0,〒248-0033 神奈川県鎌倉市腰越２丁目１０−２５−２０２,35.3076198,139.4937805,https://home-taco-bar.jimdofree.com/
ChIJCfSEKqWMGGARR4G1S_6p1-I,LAS DOS CARAS MODERN MEXICANO Y TACOS,https://www.google.com/maps/place/LAS+DOS+CARAS+MODERN+MEXICANO+Y+TACOS/data=!4m7!3m6!1s0x60188ca52a84f409:0xe2d7a9fe4bb58147!8m2!3d35.6700793!4d139.7037585!16s%2Fg%2F11cjgfytmh!19sChIJCfSEKqWMGGARR4G1S_6p1-I?authuser=0&hl=ja&rclk=1,mekishikoLiao Li Dian ,"mekishikoLiao Li Dian , ba, resutoran",4.0,779.0,〒150-0001 東京都渋谷区神宮前１丁目１０−３７ CASCADE HARAJUKU１F B１,35.6700793,139.7037585,https://www.huge.co.jp/restaurant/modern-mexicano/lasdoscaras
ChIJfyOEUkqLGGARzdnIjA_mYoE,ジャンカデリック,https://www.google.com/maps/place/%E3%82%B8%E3%83%A3%E3%83%B3%E3%82%AB%E3%83%87%E3%83%AA%E3%83%83%E3%82%AF/data=!4m7!3m6!1s0x60188b4a5284237f:0x8162e60f8cc8d9cd!8m2!3d35.6410192!4d139.6943407!16s%2Fg%2F1tf6rsqs!19sChIJfyOEUkqLGGARzdnIjA_mYoE?authuser=0&hl=ja&rclk=1,mekishikoLiao Li Dian ,"mekishikoLiao Li Dian , resutoran",4.2,656.0,〒153-0051 東京都目黒区上目黒４丁目１０−４,35.6410192,139.6943407,http://junkadelic.jp/
ChIJ01AAF2-NGGARMEMR87_nTas,エルトリート 池袋西口店,https://www.google.com/maps/place/%E3%82%A8%E3%83%AB%E3%83%88%E3%83%AA%E3%83%BC%E3%83%88+%E6%B1%A0%E8%A2%8B%E8%A5%BF%E5%8F%A3%E5%BA%97/data=!4m7!3m6!1s0x60188d6f170050d3:0xab4de7bff3114330!8m2!3d35.7296055!4d139.7090231!16s%2Fg%2F1tjdwxff!19sChIJ01AAF2-NGGARMEMR87_nTas?authuser=0&hl=ja&rclk=1,mekishikoLiao Li Dian ,mekishikoLiao Li Dian ,3.9,655.0,〒171-0021 東京都豊島区西池袋１丁目１０−１０ 東武アネックススパイスビル 3F,35.7296055,139.7090231,https://maps.zensho.co.jp/jp/detail/3907.html
ChIJS_vnYayOGGAR2oVgoIZXK90,北出食堂,https://www.google.com/maps/place/%E5%8C%97%E5%87%BA%E9%A3%9F%E5%A0%82/data=!4m7!3m6!1s0x60188eac61e7fb4b:0xdd2b5786a06085da!8m2!3d35.6935201!4d139.7791173!16s%2Fg%2F1pwfbvfjc!19sChIJS_vnYayOGGAR2oVgoIZXK90?authuser=0&hl=ja&rclk=1,mekishikoLiao Li Dian ,"mekishikoLiao Li Dian , ba&guriru, modanJu Jiu Wu resutoran",4.1,556.0,〒101-0032 東京都千代田区岩本町１丁目１３−５ Trust Value 岩本町,35.6935201,139.7791173,https://www.kitadeshokudo.com/pages/shokudo
ChIJ2XRaORGMGGARr46tS5SgYE0,モバイルデバイスに送信,https://www.google.com/maps/place/%E3%82%BF%E3%82%B3%E3%83%99%E3%83%AB+%E7%A5%9E%E4%BF%9D%E7%94%BA%E5%BA%97/data=!4m7!3m6!1s0x60188c11395a74d9:0x4d60a0944bad8eaf!8m2!3d35.6961484!4d139.7591297!16s%2Fg%2F11ggkzh0ky!19sChIJ2XRaORGMGGARr46tS5SgYE0?authuser=0&hl=ja&rclk=1,takosu resutoran,takosu resutoran,3.6,531.0,,35.6961484,139.7591297,http://tacobell.co.jp/
ChIJk-gA2g99GGARSrZ4773aQlc,Guzman y Gomez - Ikspiari,https://www.google.com/maps/place/Guzman+y+Gomez+-+Ikspiari/data=!4m7!3m6!1s0x60187d0fda00e893:0x5742dabdef78b64a!8m2!3d35.6337415!4d139.885864!16s%2Fg%2F11c1qcbm8v!19sChIJk-gA2g99GGARSrZ4773aQlc?authuser=0&hl=ja&rclk=1,mekishikoLiao Li Dian ,"mekishikoLiao Li Dian , huasuto hudoDian , Zhai Pei /Chu Qian , teikuauto",3.6,488.0,〒279-0031 千葉県浦安市舞浜1−4−イクスピアリ 2F シアター・フロント,35.6337415,139.885864,https://tabelog.com/chiba/A1202/A120203/12039801/
ChIJVWyFRm2LGGAR7w1oKqTaBps,ラ・ホイヤ,https://www.google.com/maps/place/%E3%83%A9%E3%83%BB%E3%83%9B%E3%82%A4%E3%83%A4/data=!4m7!3m6!1s0x60188b6d46856c55:0x9b06daa42a680def!8m2!3d35.6500752!4d139.7208022!16s%2Fg%2F1tm29nqp!19sChIJVWyFRm2LGGAR7w1oKqTaBps?authuser=0&hl=ja&rclk=1,mekishikoLiao Li Dian ,"mekishikoLiao Li Dian , teikuauto",4.4,475.0,〒150-0012 東京都渋谷区広尾５丁目１６−３ 小安ビル 2F,35.6500752,139.7208022,https://www.hotpepper.jp/strJ000141193/yoyaku/?vos=othpporgzzzzx00000001
ChIJPT12Y5-LGGARiv-Y9wQT1Tk,FRIJOLES フリホーレス 麻布十番店 AZABU-JUBAN,https://www.google.com/maps/place/FRIJOLES+%E3%83%95%E3%83%AA%E3%83%9B%E3%83%BC%E3%83%AC%E3%82%B9+%E9%BA%BB%E5%B8%83%E5%8D%81%E7%95%AA%E5%BA%97+AZABU-JUBAN/data=!4m7!3m6!1s0x60188b9f63763d3d:0x39d51304f798ff8a!8m2!3d35.6555838!4d139.7354587!16s%2Fg%2F1tfqlcky!19sChIJPT12Y5-LGGARiv-Y9wQT1Tk?authuser=0&hl=ja&rclk=1,tetsukusumetsukusuLiao Li Dian (amerika),"tetsukusumetsukusuLiao Li Dian (amerika), burito resutoran, mekishikoLiao Li Dian , sarada shiyotsupu, takosu resutoran",4.1,456.0,〒106-0045 東京都港区麻布十番２丁目３−５ 羽田ビル １階,35.6555838,139.7354587,https://frijoles.jp/menu.html
ChIJU1XhtUCLGGAReFo8n3G_uIU,Taco Fanático NAKAMEGURO タコ ファナティコ 中目黒,https://www.google.com/maps/place/Taco+Fan%C3%A1tico+NAKAMEGURO+%E3%82%BF%E3%82%B3+%E3%83%95%E3%82%A1%E3%83%8A%E3%83%86%E3%82%A3%E3%82%B3+%E4%B8%AD%E7%9B%AE%E9%BB%92/data=!4m7!3m6!1s0x60188b40b5e15553:0x85b8bf719f3c5a78!8m2!3d35.6447262!4d139.7003336!16s%2Fg%2F11gvy16rxy!19sChIJU1XhtUCLGGAReFo8n3G_uIU?authuser=0&hl=ja&rclk=1,takosu resutoran,"takosu resutoran, ba, mekishikoLiao Li Dian ",3.9,421.0,〒153-0051 東京都目黒区上目黒１丁目５−１０ 中目黒マンション1F,35.6447262,139.7003336,https://tabelog.com/tokyo/A1317/A131701/13227083/?cid=google_yoyaku
ChIJp1ycgamMGGARy2PY-G0pjAo,カサデサラサ,https://www.google.com/maps/place/%E6%B8%8B%E8%B0%B7%E3%83%A1%E3%82%AD%E3%82%B7%E3%82%AB%E3%83%B3+%E3%82%AB%E3%82%B5%E3%83%87%E3%82%B5%E3%83%A9%E3%82%B5/data=!4m7!3m6!1s0x60188ca9819c5ca7:0xa8c296df8d863cb!8m2!3d35.660224!4d139.696557!16s%2Fg%2F11g7z0ll7q!19sChIJp1ycgamMGGARy2PY-G0pjAo?authuser=0&hl=ja&rclk=1,mekishikoLiao Li Dian ,"mekishikoLiao Li Dian , resutoran",4.3,401.0,〒150-0043 東京都渋谷区道玄坂２丁目２５−５ 島田ビル 2F,35.660224,139.696557,https://yoyaku.toreta.in/casadesarasa/
ChIJ0Uj00XKLGGAR0hD7X8ZzKSQ,サルシータ,https://www.google.com/maps/place/%E3%82%B5%E3%83%AB%E3%82%B7%E3%83%BC%E3%82%BF/data=!4m7!3m6!1s0x60188b72d1f448d1:0x242973c65ffb10d2!8m2!3d35.6510263!4d139.723645!16s%2Fg%2F1trtv9cp!19sChIJ0Uj00XKLGGAR0hD7X8ZzKSQ?authuser=0&hl=ja&rclk=1,mekishikoLiao Li Dian ,mekishikoLiao Li Dian ,4.1,400.0,〒106-0047 東京都港区南麻布４丁目５−６５ 広尾アーバン,35.6510263,139.723645,https://business.google.com/create?fp=2605741155261550802&hl=ja&authuser=0&gmbsrc=jp-ja-et-ip-z-gmb-s-z-l
ChIJr6Lcp8WLGGARc2jAcSzlV6E,Modern Mexican CABOS,https://www.google.com/maps/place/Modern+Mexican+CABOS/data=!4m7!3m6!1s0x60188bc5a7dca2af:0xa157e52c71c06873!8m2!3d35.6489219!4d139.7466411!16s%2Fg%2F11h7rkwbhg!19sChIJr6Lcp8WLGGARc2jAcSzlV6E?authuser=0&hl=ja&rclk=1,mekishikoLiao Li Dian ,mekishikoLiao Li Dian ,4.3,361.0,〒108-0014 東京都港区芝５丁目９−８ Gems田町 １Ｆ,35.6489219,139.7466411,https://cabos.shop/
ChIJm7BR4GP1GGARDJfa9aHwqsI,ロス・タコス・アスーレス,https://www.google.com/maps/place/%E3%83%AD%E3%82%B9%E3%83%BB%E3%82%BF%E3%82%B3%E3%82%B9%E3%83%BB%E3%82%A2%E3%82%B9%E3%83%BC%E3%83%AC%E3%82%B9/data=!4m7!3m6!1s0x6018f563e051b09b:0xc2aaf0a1f5da970c!8m2!3d35.6383451!4d139.6681172!16s%2Fg%2F11f9ylts0g!19sChIJm7BR4GP1GGARDJfa9aHwqsI?authuser=0&hl=ja&rclk=1,mekishikoLiao Li Dian ,mekishikoLiao Li Dian ,4.4,352.0,〒154-0011 東京都世田谷区上馬１丁目１７−９,35.6383451,139.6681172,https://www.lostacosazules.jp/menu
ChIJ46VZoyXnAGARfPNt7P6QQmY,TAQUERIA LA FONDA (タケリア ラ フォンダ),https://www.google.com/maps/place/TAQUERIA+LA+FONDA+%28%E3%82%BF%E3%82%B1%E3%83%AA%E3%82%A2+%E3%83%A9+%E3%83%95%E3%82%A9%E3%83%B3%E3%83%80%29/data=!4m7!3m6!1s0x6000e725a359a5e3:0x664290feec6df37c!8m2!3d34.6840423!4d135.5143866!16s%2Fg%2F1q64chj2q!19sChIJ46VZoyXnAGARfPNt7P6QQmY?authuser=0&hl=ja&rclk=1,mekishikoLiao Li Dian ,mekishikoLiao Li Dian ,4.8,337.0,〒540-0025 大阪府大阪市中央区徳井町２丁目２−１４,34.6840423,135.5143866,https://www.instagram.com/buetacos
ChIJ6fwZSZgIAWARe4gFtzXm4Zk,ロティー チキンアンド ジャッキー タコス 烏丸高辻,https://www.google.com/maps/place/%E3%83%AD%E3%83%86%E3%82%A3%E3%83%BC+%E3%83%81%E3%82%AD%E3%83%B3%E3%82%A2%E3%83%B3%E3%83%89+%E3%82%B8%E3%83%A3%E3%83%83%E3%82%AD%E3%83%BC+%E3%82%BF%E3%82%B3%E3%82%B9+%E7%83%8F%E4%B8%B8%E9%AB%98%E8%BE%BB/data=!4m7!3m6!1s0x600108984919fce9:0x99e1e635b705887b!8m2!3d35.000432!4d135.760186!16s%2Fg%2F11b6xc37vn!19sChIJ6fwZSZgIAWARe4gFtzXm4Zk?authuser=0&hl=ja&rclk=1,mekishikoLiao Li Dian ,mekishikoLiao Li Dian ,4.2,335.0,〒600-8414 京都府京都市下京区 烏丸東入ル匂天神町642-3,35.000432,135.760186,http://rcjt.jp/file/menu.pdf
ChIJQ7qoR5qOGGARP1kjx--f49E,スリービータコス,https://www.google.com/maps/place/%E3%82%B9%E3%83%AA%E3%83%BC%E3%83%93%E3%83%BC%E3%82%BF%E3%82%B3%E3%82%B9/data=!4m7!3m6!1s0x60188e9a47a8ba43:0xd1e39fefc723593f!8m2!3d35.7078216!4d139.7933885!16s%2Fg%2F11b7hj_58t!19sChIJQ7qoR5qOGGARP1kjx--f49E?authuser=0&hl=ja&rclk=1,takosu resutoran,"takosu resutoran, huasuto hudoDian , mekishikoLiao Li Dian , resutoran, tetsukusumetsukusuLiao Li Dian (amerika)",4.3,333.0,〒111-0042 東京都台東区寿３丁目１６−１４,35.7078216,139.7933885,https://business.google.com/create?fp=15124107825827240255&hl=ja&authuser=0&gmbsrc=jp-ja-et-ip-z-gmb-s-z-l
ChIJf5dRBqyLGGARy8cttMc1N34,北出TACOS,https://www.google.com/maps/place/%E5%8C%97%E5%87%BATACOS/data=!4m7!3m6!1s0x60188bac0651977f:0x7e3735c7b42dc7cb!8m2!3d35.6821825!4d139.7669572!16s%2Fg%2F11jxqb7s3h!19sChIJf5dRBqyLGGARy8cttMc1N34?authuser=0&hl=ja&rclk=1,mekishikoLiao Li Dian ,mekishikoLiao Li Dian ,4.2,327.0,〒100-0005 東京都千代田区丸の内１丁目９−１ JR 東京駅 グランスタ B1F,35.6821825,139.7669572,https://www.kitadeshokudo.com/pages/kitade-tacos
ChIJOVz54l9cGGARRGINc6zgLVo,AFRO TACOS,https://www.google.com/maps/place/AFRO+TACOS/data=!4m7!3m6!1s0x60185c5fe2f95c39:0x5a2de0ac730d6244!8m2!3d35.4483446!4d139.6300609!16s%2Fg%2F11dybr2sty!19sChIJOVz54l9cGGARRGINc6zgLVo?authuser=0&hl=ja&rclk=1,mekishikoLiao Li Dian ,"mekishikoLiao Li Dian , amerikaLiao Li Dian , ba, niyu amerikanLiao Li Dian , tetsukusumetsukusuLiao Li Dian (amerika)",4.0,284.0,〒231-0064 神奈川県横浜市中区野毛町２丁目７２−２,35.4483446,139.6300609,https://www.tablecheck.com/shops/afro-tacos/reserve?utm_source=google
ChIJ57x8vZXlGGARy8E96fvodK8,Tacos Mercado,https://www.google.com/maps/place/Tacos+Mercado/data=!4m7!3m6!1s0x6018e595bd7cbce7:0xaf74e8fbe93dc1cb!8m2!3d35.7226128!4d139.5145049!16s%2Fg%2F11h0m18fbj!19sChIJ57x8vZXlGGARy8E96fvodK8?authuser=0&hl=ja&rclk=1,mekishikoLiao Li Dian ,mekishikoLiao Li Dian ,4.4,280.0,〒187-0003 東京都小平市花小金井南町２丁目２−１６ ヴェルデ花小金井 B1,35.7226128,139.5145049,https://tacos-mercado.owst.jp/gallery
ChIJm341KpWLGGARfTpdP76u7vc,440BROADWAY Taco Shop | Tex Mex Burrito Taco Tokyo,https://www.google.com/maps/place/440BROADWAY+Taco+Shop+%7C+Tex+Mex+Burrito+Taco+Tokyo/data=!4m7!3m6!1s0x60188b952a357e9b:0xf7eeaebe3f5d3a7d!8m2!3d35.6470788!4d139.7162327!16s%2Fg%2F11fkqysc4k!19sChIJm341KpWLGGARfTpdP76u7vc?authuser=0&hl=ja&rclk=1,tetsukusumetsukusuLiao Li Dian (amerika),"tetsukusumetsukusuLiao Li Dian (amerika), burito resutoran, mekishikoLiao Li Dian , takosu resutoran",4.5,278.0,〒150-0013 東京都渋谷区恵比寿１丁目２５−３ レジデンサプリマベェラァ201,35.6470788,139.7162327,https://www.440broadway.com/menu-1
ChIJO7nXbEWLGGARnNlUXSCulNA,ゼスト キャンティーナ 代官山,https://www.google.com/maps/place/%E3%82%BC%E3%82%B9%E3%83%88+%E3%82%AD%E3%83%A3%E3%83%B3%E3%83%86%E3%82%A3%E3%83%BC%E3%83%8A+%E4%BB%A3%E5%AE%98%E5%B1%B1/data=!4m7!3m6!1s0x60188b456cd7b93b:0xd094ae205d54d99c!8m2!3d35.649754!4d139.702592!16s%2Fg%2F1yh9vkvrp!19sChIJO7nXbEWLGGARnNlUXSCulNA?authuser=0&hl=ja&rclk=1,ba&guriru,"ba&guriru, mekishikoLiao Li Dian , tetsukusumetsukusuLiao Li Dian (amerika)",4.2,249.0,"〒150-0034 東京都渋谷区代官山町１６−２ 1F, B1F 代官山八幡ビル",35.649754,139.702592,https://zest-cantina.jp/daikanyama/
ChIJPZVEwRbnAGARd7PYNTDBc24,メキシコ料理オラ タコスバー Mexican Ola tacos-bar,https://www.google.com/maps/place/%E3%83%A1%E3%82%AD%E3%82%B7%E3%82%B3%E6%96%99%E7%90%86%E3%82%AA%E3%83%A9+%E3%82%BF%E3%82%B3%E3%82%B9%E3%83%90%E3%83%BC+Mexican+Ola+tacos-bar/data=!4m7!3m6!1s0x6000e716c144953d:0x6e73c13035d8b377!8m2!3d34.673471!4d135.503263!16s%2Fg%2F1tctfh9p!19sChIJPZVEwRbnAGARd7PYNTDBc24?authuser=0&hl=ja&rclk=1,mekishikoLiao Li Dian ,"mekishikoLiao Li Dian , ba, resutoran",4.2,247.0,〒542-0083 大阪府大阪市中央区東心斎橋１丁目１７−１ 心斎橋 コスミビル １F,34.673471,135.503263,https://www.facebook.com/BestMexicanInOsaka/
ChIJewwXpWqLGGARD2Oa2JLHfhE,ZONA ROSA（ソナロッサ）,https://www.google.com/maps/place/ZONA+ROSA%EF%BC%88%E3%82%BD%E3%83%8A%E3%83%AD%E3%83%83%E3%82%B5%EF%BC%89/data=!4m7!3m6!1s0x60188b6aa5170c7b:0x117ec792d89a630f!8m2!3d35.6466513!4d139.7121634!16s%2Fg%2F1tcx1hzx!19sChIJewwXpWqLGGARD2Oa2JLHfhE?authuser=0&hl=ja&rclk=1,mekishikoLiao Li Dian ,"mekishikoLiao Li Dian , modanJu Jiu Wu resutoran, takosu resutoran",3.9,241.0,〒150-0013 東京都渋谷区恵比寿１丁目１２−５ B１F,35.6466513,139.7121634,https://tabelog.com/tokyo/A1303/A130302/13013187/party/
ChIJ3Z8iJIWLGGARuE5HORAy8Fs,TACO RiCO ARK Hills タコリッコ アークヒルズ店,https://www.google.com/maps/place/TACO+RiCO+ARK+Hills+%E3%82%BF%E3%82%B3%E3%83%AA%E3%83%83%E3%82%B3+%E3%82%A2%E3%83%BC%E3%82%AF%E3%83%92%E3%83%AB%E3%82%BA%E5%BA%97/data=!4m7!3m6!1s0x60188b8524229fdd:0x5bf0321039474eb8!8m2!3d35.667199!4d139.739868!16s%2Fg%2F11bwgwf600!19sChIJ3Z8iJIWLGGARuE5HORAy8Fs?authuser=0&hl=ja&rclk=1,takosu resutoran,"takosu resutoran, burito resutoran",4.1,234.0,〒107-6002 東京都港区赤坂１丁目１２−３２,35.667199,139.739868,http://www.tacorico.jp/menu.html
ChIJn3GO3YqOGGARo4kt_yr-Cqw,Sol Tokyo Mexican Food,https://www.google.com/maps/place/Sol+Tokyo+Mexican+Food/data=!4m7!3m6!1s0x60188e8add8e719f:0xac0afe2aff2d89a3!8m2!3d35.7312135!4d139.7920888!16s%2Fg%2F11b7rtvn__!19sChIJn3GO3YqOGGARo4kt_yr-Cqw?authuser=0&hl=ja&rclk=1,mekishikoLiao Li Dian ,mekishikoLiao Li Dian ,4.3,207.0,〒116-0014 東京都荒川区東日暮里１丁目１−３,35.7312135,139.7920888,https://www.solworld.jp/
ChIJ0WOJGfuNGGARQRwRrEQrOJo,La Cabina Shibuya,https://www.google.com/maps/place/La+Cabina+Shibuya/data=!4m7!3m6!1s0x60188dfb198963d1:0x9a382b44ac111c41!8m2!3d35.6621701!4d139.6957784!16s%2Fg%2F11fb2t3pnn!19sChIJ0WOJGfuNGGARQRwRrEQrOJo?authuser=0&hl=ja&rclk=1,takosu resutoran,"takosu resutoran, mekishikoLiao Li Dian ",3.9,199.0,〒150-0042 東京都渋谷区宇田川町３７−１０,35.6621701,139.6957784,https://www.facebook.com/lacabinatokyo/
ChIJLz5DhhWLGGARqtEoVih86K4,メキシカンダイニング オトラ Mexican Dining Otra,https://www.google.com/maps/place/%E3%83%A1%E3%82%AD%E3%82%B7%E3%82%AB%E3%83%B3%E3%83%80%E3%82%A4%E3%83%8B%E3%83%B3%E3%82%B0+%E3%82%AA%E3%83%88%E3%83%A9+Mexican+Dining+Otra/data=!4m7!3m6!1s0x60188b1586433e2f:0xaee87c285628d1aa!8m2!3d35.6431022!4d139.7117416!16s%2Fg%2F1tj2hwvt!19sChIJLz5DhhWLGGARqtEoVih86K4?authuser=0&hl=ja&rclk=1,mekishikoLiao Li Dian ,"mekishikoLiao Li Dian , biagaden, buranchi resutoran, komiyunitei gaden, modanJu Jiu Wu resutoran, resutoran, Qing Shi Dian , takosu resutoran",4.1,199.0,〒150-0022 東京都渋谷区恵比寿南１丁目２３−８ アメリカンブリッジビル 3F,35.6431022,139.7117416,https://tabelog.com/tokyo/A1303/A130302/13024461/party/
ChIJfwNNHIuLGGARueE5J7xZTVA,TacosWay Toranomon タコスウェイ 虎ノ門,https://www.google.com/maps/place/TacosWay+Toranomon+%E3%82%BF%E3%82%B3%E3%82%B9%E3%82%A6%E3%82%A7%E3%82%A4+%E8%99%8E%E3%83%8E%E9%96%80/data=!4m7!3m6!1s0x60188b8b1c4d037f:0x504d59bc2739e1b9!8m2!3d35.6679904!4d139.7500876!16s%2Fg%2F11fwjh6w2b!19sChIJfwNNHIuLGGARueE5J7xZTVA?authuser=0&hl=ja&rclk=1,mekishikoLiao Li Dian ,"mekishikoLiao Li Dian , resutoran, takosu resutoran",4.1,197.0,〒105-6402 東京都港区虎ノ門１丁目１７−１ 虎ノ門ヒルズ ビジネスタワー 2F,35.6679904,139.7500876,https://www.cardenas.co.jp/shop/restaurant/tacosway-toranomon/
ChIJEcrJcJPzGGARExro8JGYpEo,Kitade Tacos 下北沢店,https://www.google.com/maps/place/Kitade+Tacos+%E4%B8%8B%E5%8C%97%E6%B2%A2%E5%BA%97/data=!4m7!3m6!1s0x6018f39370c9ca11:0x4aa49891f0e81a13!8m2!3d35.6605268!4d139.6658635!16s%2Fg%2F11rtnkhp4l!19sChIJEcrJcJPzGGARExro8JGYpEo?authuser=0&hl=ja&rclk=1,mekishikoLiao Li Dian ,mekishikoLiao Li Dian ,4.0,180.0,〒155-0031 東京都世田谷区北沢２丁目２１−２２,35.6605268,139.6658635,http://kitadeshokudo.com/
ChIJdfjMpYuMGGARXgcaYh9FRZM,サルサカバナ 四ツ谷バル,https://www.google.com/maps/place/%E3%82%B5%E3%83%AB%E3%82%B5%E3%82%AB%E3%83%90%E3%83%8A+%E5%9B%9B%E3%83%84%E8%B0%B7%E3%83%90%E3%83%AB/data=!4m7!3m6!1s0x60188c8ba5ccf875:0x9345451f621a075e!8m2!3d35.686833!4d139.72803!16s%2Fg%2F1tlndflj!19sChIJdfjMpYuMGGARXgcaYh9FRZM?authuser=0&hl=ja&rclk=1,mekishikoLiao Li Dian ,"mekishikoLiao Li Dian , Ju Jiu Wu , teikuauto, mekishikantorutaLiao Li Dian , modanJu Jiu Wu resutoran",3.6,178.0,〒160-0004 東京都新宿区四谷１丁目２０−９ 小島ビル 1F,35.686833,139.72803,https://mexican-catering.com/
ChIJJ8mYM-mLGGARIIbc-pvh7Mc,エルボラーチョ銀座コリドー店,https://www.google.com/maps/place/%E3%82%A8%E3%83%AB%E3%83%9C%E3%83%A9%E3%83%BC%E3%83%81%E3%83%A7%E9%8A%80%E5%BA%A7%E3%82%B3%E3%83%AA%E3%83%89%E3%83%BC%E5%BA%97/data=!4m7!3m6!1s0x60188be93398c927:0xc7ece19bfadc8620!8m2!3d35.669292!4d139.7592122!16s%2Fg%2F11bzt4db7r!19sChIJJ8mYM-mLGGARIIbc-pvh7Mc?authuser=0&hl=ja&rclk=1,mekishikoLiao Li Dian ,mekishikoLiao Li Dian ,4.2,177.0,〒104-0061 東京都中央区銀座８丁目３−１ GINZA TOKIDENビル 1階,35.669292,139.7592122,http://www.elborracho.com/ginza
ChIJGUHYAtKNGGARr0KKxblvdXI,タコファナティコ渋谷 TACO FANATICO Shibuya,https://www.google.com/maps/place/%E3%82%BF%E3%82%B3%E3%83%95%E3%82%A1%E3%83%8A%E3%83%86%E3%82%A3%E3%82%B3%E6%B8%8B%E8%B0%B7+TACO+FANATICO+Shibuya/data=!4m7!3m6!1s0x60188dd202d84119:0x72756fb9c58a42af!8m2!3d35.6610485!4d139.6973796!16s%2Fg%2F11sp53bl69!19sChIJGUHYAtKNGGARr0KKxblvdXI?authuser=0&hl=ja&rclk=1,takosu resutoran,"takosu resutoran, ba",4.3,167.0,〒150-0042 東京都渋谷区宇田川町３２−７,35.6610485,139.6973796,https://tacofanatico.jp/shibuya/
ChIJ0Ts91_mJGGARi9TqtJIeonI,ワフーズ タコス&モア,https://www.google.com/maps/place/%E3%83%AF%E3%83%95%E3%83%BC%E3%82%BA+%E3%82%BF%E3%82%B3%E3%82%B9%26%E3%83%A2%E3%82%A2/data=!4m7!3m6!1s0x601889f9d73d3bd1:0x72a21e92b4ead48b!8m2!3d35.6245806!4d139.77475!16s%2Fg%2F1ptxqtck6!19sChIJ0Ts91_mJGGARi9TqtJIeonI?authuser=0&hl=ja&rclk=1,tetsukusumetsukusuLiao Li Dian (amerika),tetsukusumetsukusuLiao Li Dian (amerika),3.8,159.0,〒135-0064 東京都江東区青海１丁目１−１０ ダイバーシティ東京プラザ7F,35.6245806,139.77475,http://www.wahoos.jp/
ChIJM6ueoF2TGGAR1pZ2wrae3nk,Rocco's California Style Tacos ラッコズカリフォルニアスタイルタコス,https://www.google.com/maps/place/Rocco%27s+California+Style+Tacos+%E3%83%A9%E3%83%83%E3%82%B3%E3%82%BA%E3%82%AB%E3%83%AA%E3%83%95%E3%82%A9%E3%83%AB%E3%83%8B%E3%82%A2%E3%82%B9%E3%82%BF%E3%82%A4%E3%83%AB%E3%82%BF%E3%82%B3%E3%82%B9/data=!4m7!3m6!1s0x6018935da09eab33:0x79de9eb6c27696d6!8m2!3d35.7539395!4d139.7360651!16s%2Fg%2F11tfbbpxk7!19sChIJM6ueoF2TGGAR1pZ2wrae3nk?authuser=0&hl=ja&rclk=1,takosu resutoran,takosu resutoran,4.8,158.0,〒114-0021 東京都北区岸町１丁目３−４,35.7539395,139.7360651,https://instagram.com/roccoscaliforniastyletacos?igshid=YmMyMTA2M2Y=
ChIJY4TQZDWLGGARGtZIbonlSjU,トリケラトプス 祐天寺店,https://www.google.com/maps/place/%E3%83%88%E3%83%AA%E3%82%B1%E3%83%A9%E3%83%88%E3%83%97%E3%82%B9+%E7%A5%90%E5%A4%A9%E5%AF%BA%E5%BA%97/data=!4m7!3m6!1s0x60188b3564d08463:0x354ae5896e48d61a!8m2!3d35.6379297!4d139.6930319!16s%2Fg%2F1td6596b!19sChIJY4TQZDWLGGARGtZIbonlSjU?authuser=0&hl=ja&rclk=1,tetsukusumetsukusuLiao Li Dian (amerika),"tetsukusumetsukusuLiao Li Dian (amerika), burito resutoran, Zhai Pei /Chu Qian , takosu resutoran",4.0,153.0,〒153-0052 東京都目黒区祐天寺１丁目２４−１４ 1F,35.6379297,139.6930319,http://triceratops.tokyo/index.html
ChIJFbGdNVyNGGARChq7yMlg-CU,EL CARACOL エルカラコル,https://www.google.com/maps/place/EL+CARACOL+%E3%82%A8%E3%83%AB%E3%82%AB%E3%83%A9%E3%82%B3%E3%83%AB/data=!4m7!3m6!1s0x60188d5c359db115:0x25f860c9c8bb1a0a!8m2!3d35.6882869!4d139.7168449!16s%2Fg%2F11fg_wj4q2!19sChIJFbGdNVyNGGARChq7yMlg-CU?authuser=0&hl=ja&rclk=1,mekishikoLiao Li Dian ,mekishikoLiao Li Dian ,4.6,151.0,〒160-0004 東京都新宿区四谷４丁目１０ 金子ビル 1F,35.6882869,139.7168449,https://www.hotpepper.jp/strJ001217584/
ChIJvcOVS-qLGGAR0t8_58ohdnQ,オータコス,https://www.google.com/maps/place/%E3%82%AA%E3%83%BC%E3%82%BF%E3%82%B3%E3%82%B9/data=!4m7!3m6!1s0x60188bea4b95c3bd:0x747621cae73fdfd2!8m2!3d35.6657121!4d139.7559412!16s%2Fg%2F11b7xfsrs3!19sChIJvcOVS-qLGGAR0t8_58ohdnQ?authuser=0&hl=ja&rclk=1,tetsukusumetsukusuLiao Li Dian (amerika),"tetsukusumetsukusuLiao Li Dian (amerika), takosu resutoran",3.9,150.0,〒105-0004 東京都港区新橋３丁目１４−１,35.6657121,139.7559412,http://www.otacos.org/
ChIJT0moIpfyGGARtRk6S9YxBrk,サルサカバナ メサ 中野店,https://www.google.com/maps/place/%E3%82%B5%E3%83%AB%E3%82%B5%E3%82%AB%E3%83%90%E3%83%8A+%E3%83%A1%E3%82%B5+%E4%B8%AD%E9%87%8E%E5%BA%97/data=!4m7!3m6!1s0x6018f29722a8494f:0xb90631d64b3a19b5!8m2!3d35.708632!4d139.666887!16s%2Fg%2F11b7hhm7wk!19sChIJT0moIpfyGGARtRk6S9YxBrk?authuser=0&hl=ja&rclk=1,mekishikoLiao Li Dian ,"mekishikoLiao Li Dian , Ju Jiu Wu , teikuauto, mekishikantorutaLiao Li Dian , modanJu Jiu Wu resutoran, resutoran",4.0,149.0,〒164-0001 東京都中野区中野５丁目47番３号 おかだビル,35.708632,139.666887,https://www.salsa-cabana.com/food-menu-nakano-ikebukuro
ChIJfWcZkGrzGGARogSRiov876M,テピートTepito,https://www.google.com/maps/place/%E3%83%86%E3%83%94%E3%83%BC%E3%83%88Tepito/data=!4m7!3m6!1s0x6018f36a9019677d:0xa3effc8b8a9104a2!8m2!3d35.664074!4d139.670021!16s%2Fg%2F11c46hjcjh!19sChIJfWcZkGrzGGARogSRiov876M?authuser=0&hl=ja&rclk=1,mekishikoLiao Li Dian ,"mekishikoLiao Li Dian , resutoran",4.5,148.0,〒155-0031 東京都世田谷区北沢３丁目１９−９,35.664074,139.670021,http://www.tepito.jp/
ChIJ6eaeAxONGGARgptO3QDkcUw,Ocho Taqueria Mexican ｜ Bar,https://www.google.com/maps/place/Ocho+Taqueria+Mexican+%E3%82%AA%E3%83%BC%E3%83%81%E3%83%A7+%E3%82%BF%E3%82%B1%E3%83%AA%E3%82%A2+%E3%83%A1%E3%82%AD%E3%82%B7%E3%82%AB%E3%83%B3/data=!4m7!3m6!1s0x60188d13039ee6e9:0x4c71e400dd4e9b82!8m2!3d35.6744445!4d139.7134171!16s%2Fg%2F11fhw1pt3q!19sChIJ6eaeAxONGGARgptO3QDkcUw?authuser=0&hl=ja&rclk=1,mekishikoLiao Li Dian ,mekishikoLiao Li Dian ,4.5,144.0,〒150-0001 東京都渋谷区神宮前２丁目３−３０ B1F 第2竹上ビル,35.6744445,139.7134171,https://tabelog.com/tokyo/A1306/A130603/13229027/?cid=google_yoyaku
ChIJPyy8gsj1GGARYlWSXJsQmsM,カクタス ブリトー,https://www.google.com/maps/place/%E3%82%AB%E3%82%AF%E3%82%BF%E3%82%B9+%E3%83%96%E3%83%AA%E3%83%88%E3%83%BC/data=!4m7!3m6!1s0x6018f5c882bc2c3f:0xc39a109b5c925562!8m2!3d35.584643!4d139.626933!16s%2Fg%2F1vd71c5v!19sChIJPyy8gsj1GGARYlWSXJsQmsM?authuser=0&hl=ja&rclk=1,burito resutoran,"burito resutoran, amerikaLiao Li Dian , Shu Dian , karihuoruniaLiao Li Dian (amerika), mekishikoLiao Li Dian , Gu Ben Wu ",4.4,144.0,〒213-0022 神奈川県川崎市高津区千年１０４５,35.584643,139.626933,https://www.instagram.com/cactusburrito/channel/
ChIJVTLFjadlGWARUKTAFi3E4iw,Taqueria 3hermanos YAMANAKAKO タコス・トレス・エルマノス,https://www.google.com/maps/place/Taqueria+3hermanos+YAMANAKAKO+%E3%82%BF%E3%82%B3%E3%82%B9%E3%83%BB%E3%83%88%E3%83%AC%E3%82%B9%E3%83%BB%E3%82%A8%E3%83%AB%E3%83%9E%E3%83%8E%E3%82%B9/data=!4m7!3m6!1s0x601965a78dc53255:0x2ce2c42d16c0a450!8m2!3d35.4083111!4d138.8784025!16s%2Fg%2F11t3hm1rlj!19sChIJVTLFjadlGWARUKTAFi3E4iw?authuser=0&hl=ja&rclk=1,mekishikoLiao Li Dian ,"mekishikoLiao Li Dian , mekishikoZa Huo Dian , takosu resutoran",4.7,144.0,〒401-0502 山梨県南都留郡山中湖村平野５０６,35.4083111,138.8784025,https://tacos-3hermanos-df.square.site/s/shop
ChIJnS_EuDTzGGARJKwq3Q4c-wk,ピコデガヨ Pico de Gallo,https://www.google.com/maps/place/%E3%83%94%E3%82%B3%E3%83%87%E3%82%AC%E3%83%A8+Pico+de+Gallo/data=!4m7!3m6!1s0x6018f334b8c42f9d:0x9fb1c0edd2aac24!8m2!3d35.6679158!4d139.7055272!16s%2Fg%2F11mhzh9w72!19sChIJnS_EuDTzGGARJKwq3Q4c-wk?authuser=0&hl=ja&rclk=1,burito resutoran,burito resutoran,4.7,123.0,〒150-0001 東京都渋谷区神宮前６丁目４−２ 神宮前Fビル １階,35.6679158,139.7055272,https://www.order.store/store/%E3%83%92%E3%82%B3%E3%83%86%E3%82%AB%E3%83%A8%E5%8E%9F%E5%AE%BF%E8%A1%A8%E5%8F%82%E9%81%93%E5%BA%97/jfVmZS6GQ5OhBY7H5Sv3EA
ChIJaQtOMpuHGGARhIDztogj5gw,TAQUITO JAPAN,https://www.google.com/maps/place/TAQUITO+JAPAN/data=!4m7!3m6!1s0x6018879b324e0b69:0xce62388b6f38084!8m2!3d35.7213704!4d139.9110823!16s%2Fg%2F11mn7vtsky!19sChIJaQtOMpuHGGARhIDztogj5gw?authuser=0&hl=ja&rclk=1,mekishikoLiao Li Dian ,"mekishikoLiao Li Dian , ratenXi Duo Guo Ji Liao Li Dian ",4.8,122.0,〒272-0035 千葉県市川市新田３丁目１７−９,35.7213704,139.9110823,https://www.hotpepper.jp/strJ001262235/yoyaku/?vos=othpporgzzzzx00000001
ChIJy1QAYJSLGGARMgzMbUShaBU,PARA TACO パラタコ,https://www.google.com/maps/place/PARA+TACO+%E3%83%91%E3%83%A9%E3%82%BF%E3%82%B3/data=!4m7!3m6!1s0x60188b94600054cb:0x1568a1446dcc0c32!8m2!3d35.6500977!4d139.7044823!16s%2Fg%2F11g0h8dgdg!19sChIJy1QAYJSLGGARMgzMbUShaBU?authuser=0&hl=ja&rclk=1,takosu resutoran,"takosu resutoran, bezitarianLiao Li Dian ",4.1,119.0,〒154-0004 東京都世田谷区太子堂４丁目１８−４ TSビル 1階,35.6500977,139.7044823,https://www.google.com/maps/contrib/106366629164688207439
ChIJwanhilD1GGARpItjy_9Vhq0,藤花食堂,https://www.google.com/maps/place/%E8%97%A4%E8%8A%B1%E9%A3%9F%E5%A0%82/data=!4m7!3m6!1s0x6018f5508ae1a9c1:0xad8655ffcb638ba4!8m2!3d35.6389027!4d139.6727638!16s%2Fg%2F11rxj5jtb8!19sChIJwanhilD1GGARpItjy_9Vhq0?authuser=0&hl=ja&rclk=1,mekishikoLiao Li Dian ,mekishikoLiao Li Dian ,4.6,117.0,〒154-0024 東京都世田谷区三軒茶屋１丁目１３−１,35.6389027,139.6727638,https://tabelog.com/tokyo/A1317/A131706/13264040/?cid=google_yoyaku
ChIJiTvf8mj1GGARVTdUrcWJlR8,TACOS mi Casa タコス ミカーサ 三軒茶屋店,https://www.google.com/maps/place/TACOS+mi+Casa+%E3%82%BF%E3%82%B3%E3%82%B9+%E3%83%9F%E3%82%AB%E3%83%BC%E3%82%B5+%E4%B8%89%E8%BB%92%E8%8C%B6%E5%B1%8B%E5%BA%97/data=!4m7!3m6!1s0x6018f568f2df3b89:0x1f9589c5ad543755!8m2!3d35.6471317!4d139.6725165!16s%2Fg%2F11ght8qz19!19sChIJiTvf8mj1GGARVTdUrcWJlR8?authuser=0&hl=ja&rclk=1,mekishikoLiao Li Dian ,mekishikoLiao Li Dian ,4.6,107.0,〒154-0004 東京都世田谷区太子堂２丁目８−１２,35.6471317,139.6725165,https://instagram.com/tacos_micasa?igshid=13r4tdjt65fpq
ChIJkfAsHX7zGGAR3jWuen4uJQQ,Mil Tacos,https://www.google.com/maps/place/Mil+Tacos/data=!4m7!3m6!1s0x6018f37e1d2cf091:0x4252e7e7aae35de!8m2!3d35.6769381!4d139.6676464!16s%2Fg%2F11s4wbzpzb!19sChIJkfAsHX7zGGAR3jWuen4uJQQ?authuser=0&hl=ja&rclk=1,mekishikoLiao Li Dian ,mekishikoLiao Li Dian ,4.6,100.0,〒151-0073 東京都渋谷区笹塚３丁目１７−４,35.6769381,139.6676464,https://www.hotpepper.jp/strJ003410088/yoyaku/?vos=othpporgzzzzx00000001
ChIJZZDysnZAGGARP9bXmUaNb3g,マイクス横須賀店,https://www.google.com/maps/place/%E3%83%9E%E3%82%A4%E3%82%AF%E3%82%B9%E6%A8%AA%E9%A0%88%E8%B3%80%E5%BA%97/data=!4m7!3m6!1s0x60184076b2f29065:0x786f8d4699d7d63f!8m2!3d35.2820692!4d139.6648511!16s%2Fg%2F1tgk0lmf!19sChIJZZDysnZAGGARP9bXmUaNb3g?authuser=0&hl=ja&rclk=1,mekishikoLiao Li Dian ,mekishikoLiao Li Dian ,3.9,95.0,〒238-0041 神奈川県横須賀市本町２丁目５−２,35.2820692,139.6648511,http://mikes.jp/shopinfo08.html
ChIJ0y3_b4eLGGAR6q6oerLsBDo,Oxomoco,https://www.google.com/maps/place/OXOMOCO+%28%E3%82%AA%E3%82%B7%E3%83%A7%E3%83%A2%E3%82%B3%29/data=!4m7!3m6!1s0x60188b876fff2dd3:0x3a04ecb27aa8aeea!8m2!3d35.6507676!4d139.7217754!16s%2Fg%2F11jhsydvhj!19sChIJ0y3_b4eLGGAR6q6oerLsBDo?authuser=0&hl=ja&rclk=1,mekishikoLiao Li Dian ,mekishikoLiao Li Dian ,4.5,91.0,〒150-0012 東京都渋谷区広尾５丁目４−１６ １F EAT PLAY WORKS,35.6507676,139.7217754,http://salt-group.jp/shop/oxomoco/
ChIJGam3Bl2LGGARZ_Eq6VFr9wU,KIYAS,https://www.google.com/maps/place/KIYAS/data=!4m7!3m6!1s0x60188b5d06b7a919:0x5f76b51e92af167!8m2!3d35.6458626!4d139.7171075!16s%2Fg%2F11f7r6y5kr!19sChIJGam3Bl2LGGARZ_Eq6VFr9wU?authuser=0&hl=ja&rclk=1,mekishikoLiao Li Dian ,mekishikoLiao Li Dian ,4.7,86.0,〒150-0013 東京都渋谷区恵比寿２丁目９−２,35.6458626,139.7171075,https://www.kiyas.jp/
ChIJx72IdqaLGGARe9KwiiDuQdQ,トリケラトプス 麻布店,https://www.google.com/maps/place/%E3%83%88%E3%83%AA%E3%82%B1%E3%83%A9%E3%83%88%E3%83%97%E3%82%B9+%E9%BA%BB%E5%B8%83%E5%BA%97/data=!4m7!3m6!1s0x60188ba67688bdc7:0xd441ee208ab0d27b!8m2!3d35.6482112!4d139.7369655!16s%2Fg%2F11f55pn45b!19sChIJx72IdqaLGGARe9KwiiDuQdQ?authuser=0&hl=ja&rclk=1,tetsukusumetsukusuLiao Li Dian (amerika),tetsukusumetsukusuLiao Li Dian (amerika),4.1,86.0,〒106-0047 東京都港区南麻布２丁目７−３１,35.6482112,139.7369655,http://triceratops.tokyo/
ChIJY8mKAeiLGGAR2tth7KRqlvE,TACO RiCO Azabu-juban タコリッコ麻布十番店,https://www.google.com/maps/place/TACO+RiCO+Azabu-juban+%E3%82%BF%E3%82%B3%E3%83%AA%E3%83%83%E3%82%B3%E9%BA%BB%E5%B8%83%E5%8D%81%E7%95%AA%E5%BA%97/data=!4m7!3m6!1s0x60188be8018ac963:0xf1966aa4ec61dbda!8m2!3d35.656642!4d139.733569!16s%2Fg%2F11qbbqkfnt!19sChIJY8mKAeiLGGAR2tth7KRqlvE?authuser=0&hl=ja&rclk=1,mekishikoLiao Li Dian ,mekishikoLiao Li Dian ,4.2,76.0,,35.656642,139.733569,https://tacorico.jp/menu.html
ChIJpxLo5cb9GGARqrFzOFF9b_Q,TACOS GRACIOSO,https://www.google.com/maps/place/TACOS+GRACIOSO/data=!4m7!3m6!1s0x6018fdc6e5e812a7:0xf46f7d513873b1aa!8m2!3d35.5781674!4d139.3750442!16s%2Fg%2F11rz3nrh00!19sChIJpxLo5cb9GGARqrFzOFF9b_Q?authuser=0&hl=ja&rclk=1,mekishikoLiao Li Dian ,"mekishikoLiao Li Dian , Qing Shi Dian ",4.8,76.0,〒252-0231 神奈川県相模原市中央区相模原４丁目６−１０ 1階,35.5781674,139.3750442,https://www.instagram.com/tacos.gracioso_sagamihara
ChIJ-XkT-9CNGGARZEll0RjhAgQ,クロニックタコス,https://www.google.com/maps/place/%E3%82%AF%E3%83%AD%E3%83%8B%E3%83%83%E3%82%AF%E3%82%BF%E3%82%B3%E3%82%B9/data=!4m7!3m6!1s0x60188dd0fb1379f9:0x402e118d1654964!8m2!3d35.6874568!4d139.6995889!16s%2Fg%2F11h0367f5r!19sChIJ-XkT-9CNGGARZEll0RjhAgQ?authuser=0&hl=ja&rclk=1,mekishikoLiao Li Dian ,mekishikoLiao Li Dian ,2.8,75.0,〒151-0053 東京都渋谷区代々木２丁目７−２,35.6874568,139.6995889,https://foodhall-blast.jp/reservation/
ChIJF4F0IYv1GGARVAnl7d0kL0c,TACOS Shop IKEJIRI,https://www.google.com/maps/place/TACOS+Shop+IKEJIRI/data=!4m7!3m6!1s0x6018f58b21748117:0x472f24ddede50954!8m2!3d35.6497135!4d139.6831921!16s%2Fg%2F11lkhcw9sw!19sChIJF4F0IYv1GGARVAnl7d0kL0c?authuser=0&hl=ja&rclk=1,takosu resutoran,takosu resutoran,4.0,72.0,〒154-0001 東京都世田谷区池尻２丁目３１−１７,35.6497135,139.6831921,https://www.instagram.com/tacosshop_ikejiri/
ChIJO8X7eceJGGARGSURRmKlDq8,Kitade Tacos COMMISSARY,https://www.google.com/maps/place/Kitade+Tacos+COMMISSARY/data=!4m7!3m6!1s0x601889c779fbc53b:0xaf0ea56246112519!8m2!3d35.6890585!4d139.7774361!16s%2Fg%2F11kzggvmmh!19sChIJO8X7eceJGGARGSURRmKlDq8?authuser=0&hl=ja&rclk=1,mekishikoLiao Li Dian ,mekishikoLiao Li Dian ,4.3,71.0,〒103-0023 東京都中央区日本橋本町３丁目１１−５,35.6890585,139.7774361,https://www.kitadeshokudo.com/
ChIJd0GDVduMGGARhrgOCrDB_cc,Rainbow Burritos Doumo,https://www.google.com/maps/place/Rainbow+Burritos+Doumo/data=!4m7!3m6!1s0x60188cdb55834177:0xc7fdc1b00a0eb886!8m2!3d35.6898125!4d139.7064103!16s%2Fg%2F11bw1z_sp0!19sChIJd0GDVduMGGARhrgOCrDB_cc?authuser=0&hl=ja&rclk=1,burito resutoran,burito resutoran,4.1,69.0,〒160-0022 東京都新宿区新宿３丁目１−３２ 新宿ビル 303,35.6898125,139.7064103,https://twitter.com/DOUMO811
ChIJnVQbC7CLGGAR0gXUhTm7Nrw,タコリッコ東京ミッドタウン店,https://www.google.com/maps/place/%E3%82%BF%E3%82%B3%E3%83%AA%E3%83%83%E3%82%B3%E6%9D%B1%E4%BA%AC%E3%83%9F%E3%83%83%E3%83%89%E3%82%BF%E3%82%A6%E3%83%B3%E5%BA%97/data=!4m7!3m6!1s0x60188bb00b1b549d:0xbc36bb3985d405d2!8m2!3d35.6656469!4d139.7306928!16s%2Fg%2F11pq2bbh_9!19sChIJnVQbC7CLGGAR0gXUhTm7Nrw?authuser=0&hl=ja&rclk=1,takosu resutoran,takosu resutoran,3.9,65.0,〒107-0052 東京都港区赤坂９丁目７−３ 東京ミッドタウン ガレリア B1F,35.6656469,139.7306928,https://tacorico.jp/
ChIJ08wLR0iLGGAROQ1Jg_dZVE8,Tokyo Tacos ChaChaCha,https://www.google.com/maps/place/Mexican+Cafe+ChaChaCha+%28%E3%83%81%E3%83%A3%E3%83%81%E3%83%A3%E3%83%81%E3%83%A3%29/data=!4m7!3m6!1s0x60188b48470bccd3:0x4f5459f783490d39!8m2!3d35.6531905!4d139.7287388!16s%2Fg%2F11m9mf2jk5!19sChIJ08wLR0iLGGAROQ1Jg_dZVE8?authuser=0&hl=ja&rclk=1,takosu resutoran,"takosu resutoran, ba, suitsuDian , mekishikoLiao Li Dian , mekishikantorutaLiao Li Dian ",4.6,65.0,〒106-0046 東京都港区元麻布２丁目８−１,35.6531905,139.7287388,https://www.instagram.com/chachacha_tacos/
ChIJk7OLUy_iGGAR-TiimMjEqAA,メヒカリ,https://www.google.com/maps/place/%E3%83%A1%E3%83%92%E3%82%AB%E3%83%AA/data=!4m7!3m6!1s0x6018e22f538bb393:0xa8c4c898a238f9!8m2!3d35.6797695!4d139.3953047!16s%2Fg%2F11bbxmlzb0!19sChIJk7OLUy_iGGAR-TiimMjEqAA?authuser=0&hl=ja&rclk=1,mekishikoLiao Li Dian ,mekishikoLiao Li Dian ,4.2,57.0,〒191-0011 東京都日野市日野本町４丁目７−１８,35.6797695,139.3953047,http://mexicali-jp.com/
ChIJBZCGbk-PGGARm7QeB-levxc,LOVE TACOS SHACK by Victor Burgos,https://www.google.com/maps/place/LOVE+TACOS+SHACK+by+Victor+Burgos/data=!4m7!3m6!1s0x60188f4f6e869005:0x17bf5ee9071eb49b!8m2!3d35.7264901!4d139.8142071!16s%2Fg%2F11qr57ymht!19sChIJBZCGbk-PGGARm7QeB-levxc?authuser=0&hl=ja&rclk=1,ba&guriru,ba&guriru,3.9,56.0,,35.7264901,139.8142071,https://menu.lovetacos.jp/
ChIJwfg2dUjuGGARlajY3bv4ya4,TACOS Shop Kichijoji,https://www.google.com/maps/place/TACOS+Shop+Kichijoji/data=!4m7!3m6!1s0x6018ee487536f8c1:0xaec9f8bbddd8a895!8m2!3d35.703571!4d139.5788416!16s%2Fg%2F11gds3tl2g!19sChIJwfg2dUjuGGARlajY3bv4ya4?authuser=0&hl=ja&rclk=1,takosu resutoran,"takosu resutoran, mekishikoLiao Li Dian ",4.4,54.0,〒180-0004 東京都武蔵野市吉祥寺本町１丁目１,35.703571,139.5788416,https://instagram.com/tacosshop_kichijoji?utm_medium=copy_link
ChIJ_02f_UCNGGARUiUTanuG770,tacos trap' (タコス・トラップ) 新宿御苑店,https://www.google.com/maps/place/tacos+trap%27+%28%E3%82%BF%E3%82%B3%E3%82%B9%E3%83%BB%E3%83%88%E3%83%A9%E3%83%83%E3%83%97%29+%E6%96%B0%E5%AE%BF%E5%BE%A1%E8%8B%91%E5%BA%97/data=!4m7!3m6!1s0x60188d40fd9f4dff:0xbdef867b6a132552!8m2!3d35.6891503!4d139.7121799!16s%2Fg%2F11kbhqznv0!19sChIJ_02f_UCNGGARUiUTanuG770?authuser=0&hl=ja&rclk=1,resutoran,resutoran,4.6,54.0,〒160-0022 東京都新宿１丁目２０−６ 石原共同ビル 1F,35.6891503,139.7121799,https://tabelog.com/tokyo/A1304/A130402/13282222/?cid=google_yoyaku
ChIJMWDlb8KLGGARsecNIuqzXo0,TACO RiCO Atago タコリッコ 愛宕グリーンヒルズ店,https://www.google.com/maps/place/TACO+RiCO+Atago+%E3%82%BF%E3%82%B3%E3%83%AA%E3%83%83%E3%82%B3+%E6%84%9B%E5%AE%95%E3%82%B0%E3%83%AA%E3%83%BC%E3%83%B3%E3%83%92%E3%83%AB%E3%82%BA%E5%BA%97/data=!4m7!3m6!1s0x60188bc26fe56031:0x8d5eb3ea220de7b1!8m2!3d35.6619838!4d139.7490808!16s%2Fg%2F11gtz9zjs3!19sChIJMWDlb8KLGGARsecNIuqzXo0?authuser=0&hl=ja&rclk=1,takosu resutoran,"takosu resutoran, burito resutoran, mekishikoLiao Li Dian , resutoran, sarada shiyotsupu",4.1,53.0,〒105-0002 東京都港区愛宕２丁目５−１ グリーンヒルズMORIタワ １F,35.6619838,139.7490808,http://www.tacorico.jp/index.html
ChIJ2-E-NYuLGGARktU4m1Av4cI,Molé TAQUERIA Y BAR,https://www.google.com/maps/place/Mol%C3%A9+TAQUERIA+Y+BAR/data=!4m7!3m6!1s0x60188b8b353ee1db:0xc2e12f509b38d592!8m2!3d35.6827101!4d139.7642504!16s%2Fg%2F11kj7gwgp6!19sChIJ2-E-NYuLGGARktU4m1Av4cI?authuser=0&hl=ja&rclk=1,mekishikoLiao Li Dian ,"mekishikoLiao Li Dian , ba, resutoran, takosu resutoran, tetsukusumetsukusuLiao Li Dian (amerika)",4.1,52.0,〒100-6507 東京都千代田区丸の内１丁目５−１ 丸の内ハウス 新丸の内ビル 7F,35.6827101,139.7642504,https://www.tablecheck.com/shops/mole-marunouchi/reserve?utm_source=google
ChIJWxvImciNGGARqvaKSsjK2k8,TAKOBAR,https://www.google.com/maps/place/TAKOBAR/data=!4m7!3m6!1s0x60188dc899c81b5b:0x4fdacac84a8af6aa!8m2!3d35.6620475!4d139.6989913!16s%2Fg%2F11j7j1vpww!19sChIJWxvImciNGGARqvaKSsjK2k8?authuser=0&hl=ja&rclk=1,mekishikoLiao Li Dian ,mekishikoLiao Li Dian ,4.3,52.0,〒150-0042 東京都渋谷区宇田川町１５−１ 渋谷PARCO 10F,35.6620475,139.6989913,https://takobar.life/
ChIJdRlTV6VPGGARVTd7-ZN27-w,TACOS SHOP PARA MEXICO,https://www.google.com/maps/place/PARAMEXICO+%28%E3%83%91%E3%83%A9%E3%83%A1%E3%83%92%E3%82%B3%29/data=!4m7!3m6!1s0x60184fa557531975:0xecef7693f97b3755!8m2!3d35.3201461!4d139.4710167!16s%2Fg%2F11t5tdp_dg!19sChIJdRlTV6VPGGARVTd7-ZN27-w?authuser=0&hl=ja&rclk=1,mekishikoLiao Li Dian ,mekishikoLiao Li Dian ,4.4,45.0,〒251-0037 神奈川県藤沢市鵠沼海岸２丁目３−９ 関根ビル 2F,35.3201461,139.4710167,https://www.hotpepper.jp/strJ003473031/
ChIJ7wOuPHuLGGARjq2MrwaMtPw,TACOS BAR,https://www.google.com/maps/place/TACOS+BAR/data=!4m7!3m6!1s0x60188b7b3cae03ef:0xfcb48c06af8cad8e!8m2!3d35.6504357!4d139.7072046!16s%2Fg%2F11s8jszb_f!19sChIJ7wOuPHuLGGARjq2MrwaMtPw?authuser=0&hl=ja&rclk=1,mekishikoLiao Li Dian ,mekishikoLiao Li Dian ,4.8,43.0,〒150-0013 東京都渋谷区恵比寿西２丁目７−１ 1F,35.6504357,139.7072046,http://tacosbar.lostacosazules.jp/
ChIJr6M_-H3hGGARRwbpRdTshPU,Taco Wasa Tokyo Tacos,https://www.google.com/maps/place/Taco+Wasa+Tokyo+Tacos/data=!4m7!3m6!1s0x6018e17df83fa3af:0xf584ecd445e90647!8m2!3d35.6993287!4d139.4163029!16s%2Fg%2F11rkj0vpzg!19sChIJr6M_-H3hGGARRwbpRdTshPU?authuser=0&hl=ja&rclk=1,mekishikoLiao Li Dian ,"mekishikoLiao Li Dian , ba&guriru, takosu resutoran",4.3,41.0,〒190-0012 東京都立川市曙町２丁目１６−１ GALERA TACHIKAWA,35.6993287,139.4163029,https://tachikawa.mypl.net/shop/00000368479/
ChIJi0RD3AQfGWAR07oBr1HXCMg,TACOSUAVE,https://www.google.com/maps/place/TACOSUAVE/data=!4m7!3m6!1s0x60191f04dc43448b:0xc808d751af01bad3!8m2!3d35.6612403!4d139.333544!16s%2Fg%2F11pcwth87k!19sChIJi0RD3AQfGWAR07oBr1HXCMg?authuser=0&hl=ja&rclk=1,mekishikoLiao Li Dian ,"mekishikoLiao Li Dian , takosu resutoran",4.7,41.0,〒192-0066 東京都八王子市本町１２−１４,35.6612403,139.333544,https://instagram.com/tacosuave_taqueria_abefusai?igshid=OGQ5ZDc2ODk2ZA==
ChIJ12vWyvlBGGARGche19HH8k4,TACOS TACOS (タコス タコス),https://www.google.com/maps/place/TACOS+TACOS+%28%E3%82%BF%E3%82%B3%E3%82%B9+%E3%82%BF%E3%82%B3%E3%82%B9%29/data=!4m7!3m6!1s0x601841f9cad66bd7:0x4ef2c7d1d75ec819!8m2!3d35.2797901!4d139.6618442!16s%2Fg%2F11s434lm_z!19sChIJ12vWyvlBGGARGche19HH8k4?authuser=0&hl=ja&rclk=1,mekishikoLiao Li Dian ,mekishikoLiao Li Dian ,3.7,40.0,〒238-0042 神奈川県横須賀市汐入町２丁目３３,35.2797901,139.6618442,https://support.google.com/contributionpolicy/answer/7400114?ref_topic=7422769
ChIJLWsR_JX_GGARXQ4-ymxMvTU,Taco Bell,https://www.google.com/maps/place/Taco+Bell/data=!4m7!3m6!1s0x6018ff95fc116b2d:0x35bd4c6cca3e0e5d!8m2!3d35.5217573!4d139.4185464!16s%2Fg%2F11gmj81524!19sChIJLWsR_JX_GGARXQ4-ymxMvTU?authuser=0&hl=ja&rclk=1,tetsukusumetsukusuLiao Li Dian (amerika),tetsukusumetsukusuLiao Li Dian (amerika),3.8,31.0,〒252-0302 神奈川県相模原市南区上鶴間,35.5217573,139.4185464,https://business.google.com/create?fp=3872335284741738077&hl=ja&authuser=0&gmbsrc=jp-ja-et-ip-z-gmb-s-z-l
ChIJmfuVJiuLGGAR1g4nyKpZRTc,440 Broadway Taco Truck,https://www.google.com/maps/place/440+Broadway+Taco+Truck/data=!4m7!3m6!1s0x60188b2b2695fb99:0x374559aac8270ed6!8m2!3d35.6512988!4d139.7240127!16s%2Fg%2F11g0tsnzsz!19sChIJmfuVJiuLGGAR1g4nyKpZRTc?authuser=0&hl=ja&rclk=1,huasuto hudoDian ,huasuto hudoDian ,4.9,29.0,〒106-0047 東京都港区南麻布４丁目５−２ ナショナル麻布スーパーマーケット 3階,35.6512988,139.7240127,https://www.440broadway.com/
ChIJB-Gajo2NGGARUI7vnzeYCgA,kitade tacos 代々木店,https://www.google.com/maps/place/kitade+tacos+%E4%BB%A3%E3%80%85%E6%9C%A8%E5%BA%97/data=!4m7!3m6!1s0x60188d8d8e9ae107:0xa98379fef8e50!8m2!3d35.682704!4d139.6996701!16s%2Fg%2F11vkkjv52t!19sChIJB-Gajo2NGGARUI7vnzeYCgA?authuser=0&hl=ja&rclk=1,mekishikoLiao Li Dian ,mekishikoLiao Li Dian ,4.4,23.0,〒151-0053 東京都渋谷区代々木１丁目４１−１２,35.682704,139.6996701,https://tabelog.com/tokyo/A1304/A130403/13291861/?cid=google_yoyaku
ChIJnSBbgHrhGGARpF1VNDwn6fQ,TAQUERIA Cantina,https://www.google.com/maps/place/TAQUERIA+Cantina/data=!4m7!3m6!1s0x6018e17a805b209d:0xf4e9273c34555da4!8m2!3d35.6995611!4d139.4136754!16s%2Fg%2F1td53g58!19sChIJnSBbgHrhGGARpF1VNDwn6fQ?authuser=0&hl=ja&rclk=1,itariaLiao Li Dian ,itariaLiao Li Dian ,3.7,19.0,〒190-0012 東京都立川市曙町２丁目７−３ Kスクエアビル,35.6995611,139.4136754,https://taqueria-cantina.gorp.jp/
ChIJM6m9RejzGGARfKX-xiZUmpA,TACOYOTE タコヨテ,https://www.google.com/maps/place/TACOYOTE+%E3%82%BF%E3%82%B3%E3%83%A8%E3%83%86/data=!4m7!3m6!1s0x6018f3e845bda933:0x909a5426c6fea57c!8m2!3d35.6477349!4d139.6688455!16s%2Fg%2F11jb4mj9ck!19sChIJM6m9RejzGGARfKX-xiZUmpA?authuser=0&hl=ja&rclk=1,takosu resutoran,takosu resutoran,4.8,15.0,〒154-0004 東京都世田谷区太子堂５丁目１５−１３ コーディスハウス 1F,35.6477349,139.6688455,https://instagram.com/taco_yote?utm_medium=copy_link
ChIJzdxMF8uPGGAR4QKJNMqX_Ng,ラブタコス,https://www.google.com/maps/place/%E3%83%A9%E3%83%96%E3%82%BF%E3%82%B3%E3%82%B9/data=!4m7!3m6!1s0x60188fcb174cdccd:0xd8fc97ca348902e1!8m2!3d35.7265287!4d139.8142148!16s%2Fg%2F11j6f51pym!19sChIJzdxMF8uPGGAR4QKJNMqX_Ng?authuser=0&hl=ja&rclk=1,ba&guriru,"ba&guriru, burito resutoran, teikuauto, takosu resutoran",4.2,12.0,〒131-0034 東京都墨田区堤通１丁目１１−１８,35.7265287,139.8142148,https://menu.lovetacos.jp/
ChIJTd2WOgyLGGARahzD-4MJdYY,TACOS mi Casa タコス ミカーサ 日比谷フォートタワ 一店,https://www.google.com/maps/place/TACOS+mi+Casa+%E3%82%BF%E3%82%B3%E3%82%B9+%E3%83%9F%E3%82%AB%E3%83%BC%E3%82%B5+%E6%97%A5%E6%AF%94%E8%B0%B7%E3%83%95%E3%82%A9%E3%83%BC%E3%83%88%E3%82%BF%E3%83%AF+%E4%B8%80%E5%BA%97/data=!4m7!3m6!1s0x60188b0c3a96dd4d:0x86750983fbc31c6a!8m2!3d35.6699488!4d139.753214!16s%2Fg%2F11qgkgt873!19sChIJTd2WOgyLGGARahzD-4MJdYY?authuser=0&hl=ja&rclk=1,takosu resutoran,takosu resutoran,3.8,11.0,,35.6699488,139.753214,https://www.facebook.com/TACOSmiCasaHibiya/menu
ChIJhYJN9OuNGGARWrd1qlB8v9M,TACO RiCO Otemachi タコリッコ大手町ビル店,https://www.google.com/maps/place/TACO+RiCO+Otemachi+%E3%82%BF%E3%82%B3%E3%83%AA%E3%83%83%E3%82%B3%E5%A4%A7%E6%89%8B%E7%94%BA%E3%83%93%E3%83%AB%E5%BA%97/data=!4m7!3m6!1s0x60188debf44d8285:0xd3bf7c50aa75b75a!8m2!3d35.6866423!4d139.7638661!16s%2Fg%2F11lcfl7qy3!19sChIJhYJN9OuNGGARWrd1qlB8v9M?authuser=0&hl=ja&rclk=1,takosu resutoran,takosu resutoran,4.4,9.0,〒100-0004 東京都千代田区大手町１丁目６−１ 大手町ビルヂング 地下２階,35.6866423,139.7638661,https://www.tacorico.jp/
ChIJJ3iTuCCLGGARvhAv12AG4fI,maison tacos,https://www.google.com/maps/place/maison+tacos/data=!4m7!3m6!1s0x60188b20b8937827:0xf2e10660d72f10be!8m2!3d35.6534559!4d139.6988222!16s%2Fg%2F11l76r4f8h!19sChIJJ3iTuCCLGGARvhAv12AG4fI?authuser=0&hl=ja&rclk=1,mekishikoLiao Li Dian ,mekishikoLiao Li Dian ,4.9,8.0,〒150-0035 東京都渋谷区鉢山町１−７,35.6534559,139.6988222,https://www.instagram.com/maison_tacos?igsh=MWt6eHkwa3duc2pocQ%3D%3D&utm_source=qr
ChIJw0RrlMCOGGARhH2cOlxRnI8,ラブタコス 浅草店,https://www.google.com/maps/place/%E3%83%A9%E3%83%96%E3%82%BF%E3%82%B3%E3%82%B9+%E6%B5%85%E8%8D%89%E5%BA%97/data=!4m7!3m6!1s0x60188ec0946b44c3:0x8f9c515c3a9c7d84!8m2!3d35.712471!4d139.79437!16s%2Fg%2F11np3gr1lz!19sChIJw0RrlMCOGGARhH2cOlxRnI8?authuser=0&hl=ja&rclk=1,ba&guriru,ba&guriru,3.3,7.0,〒111-0032 東京都台東区浅草１丁目３９−５ 澤田屋ビル B1F,35.712471,139.79437,https://www.tripadvisor.com/Restaurant_Review-g14134311-d13565915-Reviews-Love_Tacos_by_Victor_Burgos-Asakusa_Taito_Tokyo_Tokyo_Prefecture_Kanto.html
ChIJJTcamr-LGGARrS4F-kNRKbk,  ,https://www.google.com/maps/place/Tacos+3+Hermanos/data=!4m7!3m6!1s0x60188bbf9a1a3725:0xb9295143fa052ead!8m2!3d35.6687156!4d139.7588918!16s%2Fg%2F11y1f4m3ny!19sChIJJTcamr-LGGARrS4F-kNRKbk?authuser=0&hl=ja&rclk=1,mekishikoLiao Li Dian ,mekishikoLiao Li Dian ,4.0,6.0,,35.6687156,139.7588918,https://support.google.com/local-listings?p=how_google_sources&authuser=0&hl=ja
ChIJ0UmE_k6LGGARmgAdoQNU4_s,LA OTACO,https://www.google.com/maps/place/LA+OTACO/data=!4m7!3m6!1s0x60188b4efe8449d1:0xfbe35403a11d009a!8m2!3d35.6268938!4d139.7332597!16s%2Fg%2F11qbkpp3db!19sChIJ0UmE_k6LGGARmgAdoQNU4_s?authuser=0&hl=ja&rclk=1,takosu resutoran,takosu resutoran,5.0,6.0,〒108-0074 東京都港区高輪４丁目１３−７,35.6268938,139.7332597,https://instagram.com/laotaco2022?igshid=YmMyMTA2M2Y=
ChIJVX-vlJ1dGGARjmxzV-2qg0o,Tacos and beer,https://www.google.com/maps/place/Tacos+and+beer/data=!4m7!3m6!1s0x60185d9d94af7f55:0x4a83aaed57736c8e!8m2!3d35.4557575!4d139.641422!16s%2Fg%2F11sb4897wh!19sChIJVX-vlJ1dGGARjmxzV-2qg0o?authuser=0&hl=ja&rclk=1,takosu resutoran,takosu resutoran,4.0,4.0,〒231-0001 神奈川県横浜市中区新港２丁目１４−１,35.4557575,139.641422,https://business.google.com/create?fp=5369323117106916494&hl=ja&authuser=0&gmbsrc=jp-ja-et-ip-z-gmb-s-z-l
ChIJx-q5CIuLGGARoFwweElUVjI,ララタコス,https://www.google.com/maps/place/%E3%83%A9%E3%83%A9%E3%82%BF%E3%82%B3%E3%82%B9/data=!4m7!3m6!1s0x60188b8b08b9eac7:0x3256544978305ca0!8m2!3d35.3157827!4d139.5349802!16s%2Fg%2F11m454g6gj!19sChIJx-q5CIuLGGARoFwweElUVjI?authuser=0&hl=ja&rclk=1,takosu resutoran,takosu resutoran,5.0,1.0,〒248-0016 神奈川県鎌倉市長谷３丁目１−３ 大仏前商店,35.3157827,139.5349802,https://lalataco.fun/menu
ChIJV5snZRz1GGARGJEB593Il1A,MIXTEKO TOKYO,https://www.google.com/maps/place/MIXTEKO+TOKYO/data=!4m7!3m6!1s0x6018f51c65279b57:0x5097c8dde7019118!8m2!3d35.6556321!4d139.7332198!16s%2Fg%2F11tdx_j965!19sChIJV5snZRz1GGARGJEB593Il1A?authuser=0&hl=ja&rclk=1,mekishikoLiao Li Dian ,mekishikoLiao Li Dian ,5.0,1.0,,35.6556321,139.7332198,https://www.tablecheck.com/shops/mixtekotokyo/reserve
ChIJlVR7DQCLGGARWTY7kBrHoJk,  ,https://www.google.com/maps/place/Taqueria+%22Don+Pancho%22/data=!4m7!3m6!1s0x60188b000d7b5495:0x99a0c71a903b3659!8m2!3d35.678315!4d139.7692115!16s%2Fg%2F11ld5ttbk5!19sChIJlVR7DQCLGGARWTY7kBrHoJk?authuser=0&hl=ja&rclk=1,mekishikoLiao Li Dian ,mekishikoLiao Li Dian ,,,,35.678315,139.7692115,https://support.google.com/local-listings?p=how_google_sources&authuser=0&hl=ja
ChIJneQrgHrhGGARpC5VvqhEFpU,BAR　TAQUERIA,https://www.google.com/maps/place/BAR%E3%80%80TAQUERIA/data=!4m7!3m6!1s0x6018e17a802be49d:0x951644a8be552ea4!8m2!3d35.6996409!4d139.4137047!16s%2Fg%2F11h07_jpwc!19sChIJneQrgHrhGGARpC5VvqhEFpU?authuser=0&hl=ja&rclk=1,mekishikoLiao Li Dian ,mekishikoLiao Li Dian ,,,〒190-0012 東京都立川市曙町２丁目７−５ ピタゴラスビル ５階,35.6996409,139.4137047,https://business.google.com/create?fp=10742849452677344932&hl=ja&authuser=0&gmbsrc=jp-ja-et-ip-z-gmb-s-z-l
ChIJm13X8vyNGGAR33xML9jQpH0,  ,https://www.google.com/maps/place/Taco+harajuku/data=!4m7!3m6!1s0x60188dfcf2d75d9b:0x7da4d0d82f4c7cdf!8m2!3d35.6700793!4d139.7037585!16s%2Fg%2F11pb1wrj2q!19sChIJm13X8vyNGGAR33xML9jQpH0?authuser=0&hl=ja&rclk=1,mekishikoLiao Li Dian ,mekishikoLiao Li Dian ,,,,35.6700793,139.7037585,https://support.google.com/local-listings?p=how_google_sources&authuser=0&hl=ja
