place_id,name,link,main_category,categories,rating,reviews,address,coordinatex,coordinatey
ChIJUd36uqSMGGARIkBBHqsDtdQ,chiresuYuan Su ,https://www.google.com/maps/place/%E3%83%81%E3%83%AC%E3%82%B9%E5%8E%9F%E5%AE%BF/data=!4m7!3m6!1s0x60188ca4bafadd51:0xd4b503ab1e414022!8m2!3d35.6703765!4d139.705599!16s%2Fg%2F12hvlrbfr!19sChIJUd36uqSMGGARIkBBHqsDtdQ?authuser=0&hl=ja&rclk=1,mekishikoLiao Li Dian ,"mekishikoLiao Li Dian , ba, burito resutoran",4.5,1233,@150-0001 Dong Jing Du Shibui Gu Qu Shen Gong Qian 1Ding Mu 8-24 OZYuan Su biru chiresuYuan Su ,35.6703765,139.705599
ChIJhVqPOsxPGGARDixBBbPC8uI,HOME taco bar,https://www.google.com/maps/place/HOME+taco+bar/data=!4m7!3m6!1s0x60184fcc3a8f5a85:0xe2f2c2b305412c0e!8m2!3d35.3076198!4d139.4937805!16s%2Fg%2F11ftsdx2zh!19sChIJhVqPOsxPGGARDixBBbPC8uI?authuser=0&hl=ja&rclk=1,tetsukusumetsukusuLiao Li Dian (amerika),"tetsukusumetsukusuLiao Li Dian (amerika), amerikaLiao Li Dian , ba, mekishikoLiao Li Dian ",4.8,902,@248-0033 Shen Nai Chuan Xian Lian Cang Shi Yao Yue 2Ding Mu 10-25-202 HOME taco bar,35.3076198,139.4937805
ChIJCfSEKqWMGGARR4G1S_6p1-I,LAS DOS CARAS MODERN MEXICANO Y TACOS,https://www.google.com/maps/place/LAS+DOS+CARAS+MODERN+MEXICANO+Y+TACOS/data=!4m7!3m6!1s0x60188ca52a84f409:0xe2d7a9fe4bb58147!8m2!3d35.6700793!4d139.7037585!16s%2Fg%2F11cjgfytmh!19sChIJCfSEKqWMGGARR4G1S_6p1-I?authuser=0&hl=ja&rclk=1,mekishikoLiao Li Dian ,"mekishikoLiao Li Dian , ba, resutoran",4,834,@150-0001 Dong Jing Du Shibui Gu Qu Shen Gong Qian 1Ding Mu 10-37 CASCADE HARAJUKU1F B1 LAS DOS CARAS MODERN MEXICANO Y TACOS,35.6700793,139.7037585
ChIJa3cs7aiMGGAR6na0YBYaTts,TGI FRIDAYS Shibui Gu Shen Nan Dian ,https://www.google.com/maps/place/TGI+FRIDAYS+%E6%B8%8B%E8%B0%B7%E7%A5%9E%E5%8D%97%E5%BA%97/data=!4m7!3m6!1s0x60188ca8ed2c776b:0xdb4e1a1660b476ea!8m2!3d35.6624737!4d139.6998545!16s%2Fg%2F1wcxd29f!19sChIJa3cs7aiMGGAR6na0YBYaTts?authuser=0&hl=ja&rclk=1,resutoran,"resutoran, amerikaLiao Li Dian , ba, ba&guriru, daina, hanbagaDian , Zhai Pei /Chu Qian , modanJu Jiu Wu resutoran, niyu amerikanLiao Li Dian , sutekihausu",3.9,792,@150-0041 Dong Jing Du Shibui Gu Qu Shen Nan 1Ding Mu 19-3 haimantenShen Nan biru 2F TGI FRIDAYS Shibui Gu Shen Nan Dian ,35.6624737,139.6998545
ChIJ_-SFjaSMGGARB_Qz8dVZq94,Guzman y Gomez - Laforet Harajuku,https://www.google.com/maps/place/Guzman+y+Gomez+-+Laforet+Harajuku/data=!4m7!3m6!1s0x60188ca48d85e4ff:0xdeab59d5f133f407!8m2!3d35.6691989!4d139.7056932!16s%2Fg%2F11b6xyk1k_!19sChIJ_-SFjaSMGGARB_Qz8dVZq94?authuser=0&hl=ja&rclk=1,mekishikoLiao Li Dian ,"mekishikoLiao Li Dian , huasuto hudoDian , Zhai Pei /Chu Qian , teikuauto",3.8,722,@150-0001 Dong Jing Du Shibui Gu Qu Shen Gong Qian 1Ding Mu 11-6 rahuoreYuan Su  2Jie  Guzman y Gomez - Laforet Harajuku,35.6691989,139.7056932
ChIJS_vnYayOGGAR2oVgoIZXK90,Bei Chu Shi Tang ,https://www.google.com/maps/place/%E5%8C%97%E5%87%BA%E9%A3%9F%E5%A0%82/data=!4m7!3m6!1s0x60188eac61e7fb4b:0xdd2b5786a06085da!8m2!3d35.6935201!4d139.7791173!16s%2Fg%2F1pwfbvfjc!19sChIJS_vnYayOGGAR2oVgoIZXK90?authuser=0&hl=ja&rclk=1,mekishikoLiao Li Dian ,"mekishikoLiao Li Dian , ba&guriru, modanJu Jiu Wu resutoran",4.2,584,@101-0032 Dong Jing Du Qian Dai Tian Qu Yan Ben Ting 1Ding Mu 13-5 Trust Value Yan Ben Ting  Bei Chu Shi Tang ,35.6935201,139.7791173
ChIJ2XRaORGMGGARr46tS5SgYE0,takoberu Shen Bao Ting Dian ,https://www.google.com/maps/place/%E3%82%BF%E3%82%B3%E3%83%99%E3%83%AB+%E7%A5%9E%E4%BF%9D%E7%94%BA%E5%BA%97/data=!4m7!3m6!1s0x60188c11395a74d9:0x4d60a0944bad8eaf!8m2!3d35.6961484!4d139.7591297!16s%2Fg%2F11ggkzh0ky!19sChIJ2XRaORGMGGARr46tS5SgYE0?authuser=0&hl=ja&rclk=1,takosu resutoran,takosu resutoran,3.6,548,Dong Jing Du Qian Dai Tian Qu Shen Tian Shen Bao Ting 1Ding Mu 8-5 Shen Tian Shen Bao Ting rezidensu1F2F takoberu Shen Bao Ting Dian ,35.6961484,139.7591297
ChIJPT12Y5-LGGARiv-Y9wQT1Tk,FRIJOLES hurihoresu Ma Bu Shi Fan Dian  AZABU-JUBAN,https://www.google.com/maps/place/FRIJOLES+%E3%83%95%E3%83%AA%E3%83%9B%E3%83%BC%E3%83%AC%E3%82%B9+%E9%BA%BB%E5%B8%83%E5%8D%81%E7%95%AA%E5%BA%97+AZABU-JUBAN/data=!4m7!3m6!1s0x60188b9f63763d3d:0x39d51304f798ff8a!8m2!3d35.6555331!4d139.7354306!16s%2Fg%2F1tfqlcky!19sChIJPT12Y5-LGGARiv-Y9wQT1Tk?authuser=0&hl=ja&rclk=1,tetsukusumetsukusuLiao Li Dian (amerika),"tetsukusumetsukusuLiao Li Dian (amerika), burito resutoran, mekishikoLiao Li Dian , sarada shiyotsupu, takosu resutoran",4.1,474,@106-0045 Dong Jing Du Gang Qu Ma Bu Shi Fan 2Ding Mu 3-5 Yu Tian biru 1Jie  FRIJOLES hurihoresu Ma Bu Shi Fan Dian  AZABU-JUBAN,35.6555331,139.7354306
ChIJB3pxFfaJGGAR0kfKB7KJPhQ,takoberu akuashiteioTai Chang Dian ,https://www.google.com/maps/place/%E3%82%BF%E3%82%B3%E3%83%99%E3%83%AB+%E3%82%A2%E3%82%AF%E3%82%A2%E3%82%B7%E3%83%86%E3%82%A3%E3%81%8A%E5%8F%B0%E5%A0%B4%E5%BA%97/data=!4m7!3m6!1s0x601889f615717a07:0x143e89b207ca47d2!8m2!3d35.6283835!4d139.7740058!16s%2Fg%2F11c47skl0x!19sChIJB3pxFfaJGGAR0kfKB7KJPhQ?authuser=0&hl=ja&rclk=1,takosu resutoran,"takosu resutoran, resutoran",3.9,444,@135-0091 Dong Jing Du Gang Qu Tai Chang 1Ding Mu 7-1 akuashitei oTai Chang  3F takoberu akuashiteioTai Chang Dian ,35.6283835,139.7740058
ChIJp1ycgamMGGARy2PY-G0pjAo,kasadesarasa,https://www.google.com/maps/place/%E3%82%AB%E3%82%B5%E3%83%87%E3%82%B5%E3%83%A9%E3%82%B5/data=!4m7!3m6!1s0x60188ca9819c5ca7:0xa8c296df8d863cb!8m2!3d35.660224!4d139.696557!16s%2Fg%2F11g7z0ll7q!19sChIJp1ycgamMGGARy2PY-G0pjAo?authuser=0&hl=ja&rclk=1,mekishikoLiao Li Dian ,"mekishikoLiao Li Dian , ba, resutoran, takosu resutoran",4.3,438,@150-0043 Dong Jing Du Shibui Gu Qu Dao Xuan Ban 2Ding Mu 25-5 Dao Tian biru 2F kasadesarasa,35.660224,139.696557
ChIJr6Lcp8WLGGARc2jAcSzlV6E,Modern Mexican CABOS,https://www.google.com/maps/place/Modern+Mexican+CABOS/data=!4m7!3m6!1s0x60188bc5a7dca2af:0xa157e52c71c06873!8m2!3d35.6489219!4d139.7466411!16s%2Fg%2F11h7rkwbhg!19sChIJr6Lcp8WLGGARc2jAcSzlV6E?authuser=0&hl=ja&rclk=1,mekishikoLiao Li Dian ,mekishikoLiao Li Dian ,4.2,400,@108-0014 Dong Jing Du Gang Qu Zhi 5Ding Mu 9-8 GemsTian Ting  1F Modern Mexican CABOS,35.6489219,139.7466411
ChIJBzAokgeMGGAR7d0sXO1vhPo,hurihoresu Da Shou Ting huasutosukueaDian ,https://www.google.com/maps/place/%E3%83%95%E3%83%AA%E3%83%9B%E3%83%BC%E3%83%AC%E3%82%B9+%E5%A4%A7%E6%89%8B%E7%94%BA%E3%83%95%E3%82%A1%E3%83%BC%E3%82%B9%E3%83%88%E3%82%B9%E3%82%AF%E3%82%A8%E3%82%A2%E5%BA%97/data=!4m7!3m6!1s0x60188c0792283007:0xfa846fed5c2cdded!8m2!3d35.6859584!4d139.7644972!16s%2Fg%2F1ptywf7j_!19sChIJBzAokgeMGGAR7d0sXO1vhPo?authuser=0&hl=ja&rclk=1,tetsukusumetsukusuLiao Li Dian (amerika),"tetsukusumetsukusuLiao Li Dian (amerika), takosu resutoran",4,393,@100-0004 Dong Jing Du Qian Dai Tian Qu Da Shou Ting 1Ding Mu 5-1 uesutotawa 1F isuto hurihoresu Da Shou Ting huasutosukueaDian ,35.6859584,139.7644972
ChIJm7BR4GP1GGARDJfa9aHwqsI,rosutakosuasuresu,https://www.google.com/maps/place/%E3%83%AD%E3%82%B9%E3%83%BB%E3%82%BF%E3%82%B3%E3%82%B9%E3%83%BB%E3%82%A2%E3%82%B9%E3%83%BC%E3%83%AC%E3%82%B9/data=!4m7!3m6!1s0x6018f563e051b09b:0xc2aaf0a1f5da970c!8m2!3d35.6383451!4d139.6681172!16s%2Fg%2F11f9ylts0g!19sChIJm7BR4GP1GGARDJfa9aHwqsI?authuser=0&hl=ja&rclk=1,mekishikoLiao Li Dian ,mekishikoLiao Li Dian ,4.4,388,@154-0011 Dong Jing Du Shi Tian Gu Qu Shang Ma 1Ding Mu 17-9 rosutakosuasuresu,35.6383451,139.6681172
ChIJzdpa5MT5GGARH_gxI75QOLg,AMERICAN HOUSE guranberipakuDian ,https://www.google.com/maps/place/AMERICAN+HOUSE+%E3%82%B0%E3%83%A9%E3%83%B3%E3%83%99%E3%83%AA%E3%83%BC%E3%83%91%E3%83%BC%E3%82%AF%E5%BA%97/data=!4m7!3m6!1s0x6018f9c4e45adacd:0xb83850be2331f81f!8m2!3d35.5093595!4d139.46966!16s%2Fg%2F11j0z4_4wh!19sChIJzdpa5MT5GGARH_gxI75QOLg?authuser=0&hl=ja&rclk=1,amerikaLiao Li Dian ,"amerikaLiao Li Dian , hanbagaDian ",3.9,383,@194-0004 Dong Jing Du Ting Tian Shi He Jian 3Ding Mu 4-1 guranberipaku sentorarukoto2F AMERICAN HOUSE guranberipakuDian ,35.5093595,139.46966
ChIJf5dRBqyLGGARy8cttMc1N34,Bei Chu TACOS,https://www.google.com/maps/place/%E5%8C%97%E5%87%BATACOS/data=!4m7!3m6!1s0x60188bac0651977f:0x7e3735c7b42dc7cb!8m2!3d35.6821825!4d139.7669572!16s%2Fg%2F11jxqb7s3h!19sChIJf5dRBqyLGGARy8cttMc1N34?authuser=0&hl=ja&rclk=1,mekishikoLiao Li Dian ,mekishikoLiao Li Dian ,4.2,372,@100-0005 Dong Jing Du Qian Dai Tian Qu Wan noNei 1Ding Mu 9-1 JR Dong Jing Yi  guransuta B1F Bei Chu TACOS,35.6821825,139.7669572
ChIJWbH_ElWJGGARhEA07xCs5lk,COMMISSARY NIHONBASHI,https://www.google.com/maps/place/COMMISSARY+NIHONBASHI/data=!4m7!3m6!1s0x6018895512ffb159:0x59e6ac10ef344084!8m2!3d35.689077!4d139.7773335!16s%2Fg%2F11k2f40_0r!19sChIJWbH_ElWJGGARhEA07xCs5lk?authuser=0&hl=ja&rclk=1,hudokoto,"hudokoto, biahoru, kohi sutando, donatsuDian , pizaDian , takosu resutoran",3.8,344,@103-0023 Dong Jing Du Zhong Yang Qu Ri Ben Qiao Ben Ting 3Ding Mu 11-5 raihusaiensubiru 2 1F COMMISSARY NIHONBASHI,35.689077,139.7773335
ChIJG-aYKNf-GGARZKVYZmNQEYA,maikusu Dong Lin Jian Dian ,https://www.google.com/maps/place/%E3%83%9E%E3%82%A4%E3%82%AF%E3%82%B9+%E6%9D%B1%E6%9E%97%E9%96%93%E5%BA%97/data=!4m7!3m6!1s0x6018fed72898e61b:0x801150636658a564!8m2!3d35.52146!4d139.438744!16s%2Fg%2F1tggtkwx!19sChIJG-aYKNf-GGARZKVYZmNQEYA?authuser=0&hl=ja&rclk=1,mekishikoLiao Li Dian ,mekishikoLiao Li Dian ,4.3,332,@252-0302 Shen Nai Chuan Xian Xiang Mo Yuan Shi Nan Qu Shang He Jian 6Ding Mu 31-13 gadenhausu 1F maikusu Dong Lin Jian Dian ,35.52146,139.438744
ChIJd2O_BilOGGARfhl99-D4KfA,erukariniyo,https://www.google.com/maps/place/%E3%82%A8%E3%83%AB%E3%82%AB%E3%83%AA%E3%83%BC%E3%83%8B%E3%83%A7/data=!4m7!3m6!1s0x60184e2906bf6377:0xf029f8e0f77d197e!8m2!3d35.347853!4d139.4800099!16s%2Fg%2F1tfg7ms3!19sChIJd2O_BilOGGARfhl99-D4KfA?authuser=0&hl=ja&rclk=1,mekishikoLiao Li Dian ,mekishikoLiao Li Dian ,4.2,313,@251-0052 Shen Nai Chuan Xian Teng Ze Shi Teng Ze 2Ding Mu 1-3 erukariniyo,35.347853,139.4800099
ChIJm341KpWLGGARfTpdP76u7vc,440BROADWAY Taco Shop | Tex Mex Burrito Taco Tokyo,https://www.google.com/maps/place/440BROADWAY+Taco+Shop+%7C+Tex+Mex+Burrito+Taco+Tokyo/data=!4m7!3m6!1s0x60188b952a357e9b:0xf7eeaebe3f5d3a7d!8m2!3d35.6470788!4d139.7162327!16s%2Fg%2F11fkqysc4k!19sChIJm341KpWLGGARfTpdP76u7vc?authuser=0&hl=ja&rclk=1,tetsukusumetsukusuLiao Li Dian (amerika),"tetsukusumetsukusuLiao Li Dian (amerika), burito resutoran, mekishikoLiao Li Dian , takosu resutoran",4.5,312,@150-0013 Dong Jing Du Shibui Gu Qu Hui Bi Shou 1Ding Mu 25-3 rezidensapurimabeeraa201 440BROADWAY Taco Shop | Tex Mex Burrito Taco Tokyo,35.6470788,139.7162327
ChIJOVz54l9cGGARRGINc6zgLVo,AFRO TACOS,https://www.google.com/maps/place/AFRO+TACOS/data=!4m7!3m6!1s0x60185c5fe2f95c39:0x5a2de0ac730d6244!8m2!3d35.4483446!4d139.6300609!16s%2Fg%2F11dybr2sty!19sChIJOVz54l9cGGARRGINc6zgLVo?authuser=0&hl=ja&rclk=1,mekishikoLiao Li Dian ,"mekishikoLiao Li Dian , amerikaLiao Li Dian , ba, niyu amerikanLiao Li Dian , tetsukusumetsukusuLiao Li Dian (amerika)",4,303,@231-0064 Shen Nai Chuan Xian Heng Bang Shi Zhong Qu Ye Mao Ting 2Ding Mu 72-2 AFRO TACOS,35.4483446,139.6300609
ChIJEX_b6lqKGGARBl-rYSWKuZg,Guzman y Gomez - Shinagawa,https://www.google.com/maps/place/Guzman+y+Gomez+-+Shinagawa/data=!4m7!3m6!1s0x60188a5aeadb7f11:0x98b98a2561ab5f06!8m2!3d35.6290546!4d139.7408966!16s%2Fg%2F11csp7s9fr!19sChIJEX_b6lqKGGARBl-rYSWKuZg?authuser=0&hl=ja&rclk=1,mekishikoLiao Li Dian ,"mekishikoLiao Li Dian , huasuto hudoDian , Zhai Pei /Chu Qian , teikuauto",3.9,293,@108-0075 Dong Jing Du Gang Qu Gang Nan 2Ding Mu 18-1 atorePin Chuan  3Jie  Guzman y Gomez - Shinagawa,35.6290546,139.7408966
ChIJAQC8b8JVGGARHlxbE42GDiw,Rock'nRoll BURRITO,https://www.google.com/maps/place/Rock%27nRoll+BURRITO/data=!4m7!3m6!1s0x601855c26fbc0001:0x2c0e868d135b5c1e!8m2!3d35.4594513!4d139.4331575!16s%2Fg%2F11cmnrz35j!19sChIJAQC8b8JVGGARHlxbE42GDiw?authuser=0&hl=ja&rclk=1,burito resutoran,burito resutoran,4.6,270,@252-1104 Shen Nai Chuan Xian Ling Lai Shi Da Shang 1Ding Mu 30-20 hurawasukueaHua Jing Gong Ye Gong Tong Zhu Zhai  Rock'nRoll BURRITO,35.4594513,139.4331575
ChIJB69cmGqLGGARTt91cmMKxBQ,LA ESQUINA,https://www.google.com/maps/place/LA+ESQUINA/data=!4m7!3m6!1s0x60188b6a985caf07:0x14c40a637275df4e!8m2!3d35.6470479!4d139.7121889!16s%2Fg%2F11c6qq0k6q!19sChIJB69cmGqLGGARTt91cmMKxBQ?authuser=0&hl=ja&rclk=1,mekishikoLiao Li Dian ,mekishikoLiao Li Dian ,4,264,@150-0013 Dong Jing Du Shibui Gu Qu Hui Bi Shou 1Ding Mu 13-6 Di Er Yi Teng biru 101 LA ESQUINA,35.6470479,139.7121889
ChIJ3Z8iJIWLGGARuE5HORAy8Fs,TACO RiCO ARK Hills takoritsuko akuhiruzuDian ,https://www.google.com/maps/place/TACO+RiCO+ARK+Hills+%E3%82%BF%E3%82%B3%E3%83%AA%E3%83%83%E3%82%B3+%E3%82%A2%E3%83%BC%E3%82%AF%E3%83%92%E3%83%AB%E3%82%BA%E5%BA%97/data=!4m7!3m6!1s0x60188b8524229fdd:0x5bf0321039474eb8!8m2!3d35.667199!4d139.739868!16s%2Fg%2F11bwgwf600!19sChIJ3Z8iJIWLGGARuE5HORAy8Fs?authuser=0&hl=ja&rclk=1,takosu resutoran,"takosu resutoran, burito resutoran",4.1,244,@107-6002 Dong Jing Du Gang Qu Chi Ban 1Ding Mu 12-32 TACO RiCO ARK Hills takoritsuko akuhiruzuDian ,35.667199,139.739868
ChIJ04clmWJBGGAR4Y_9tm4yAhQ,DOO's DELI Mexican Restaurant,https://www.google.com/maps/place/DOO%27s+DELI+Mexican+Restaurant/data=!4m7!3m6!1s0x60184162992587d3:0x1402326eb6fd8fe1!8m2!3d35.283526!4d139.6722307!16s%2Fg%2F11r_vph3xy!19sChIJ04clmWJBGGAR4Y_9tm4yAhQ?authuser=0&hl=ja&rclk=1,mekishikoLiao Li Dian ,mekishikoLiao Li Dian ,4.5,243,@238-0004 Shen Nai Chuan Xian Heng Xu He Shi Xiao Chuan Ting 23-1 hudouHeng Xu He San Li haitsu DOO's DELI Mexican Restaurant,35.283526,139.6722307
ChIJ0WOJGfuNGGARQRwRrEQrOJo,La Cabina Shibuya,https://www.google.com/maps/place/La+Cabina+Shibuya/data=!4m7!3m6!1s0x60188dfb198963d1:0x9a382b44ac111c41!8m2!3d35.6621701!4d139.6957784!16s%2Fg%2F11fb2t3pnn!19sChIJ0WOJGfuNGGARQRwRrEQrOJo?authuser=0&hl=ja&rclk=1,takosu resutoran,"takosu resutoran, mekishikoLiao Li Dian ",3.9,223,"La Cabina Shibuya, 37-10 Yu Tian Chuan Ting  Shibui Gu Qu  Dong Jing Du  150-0042",35.6621701,139.6957784
ChIJfwNNHIuLGGARueE5J7xZTVA,TacosWay Toranomon takosuuei Hu noMen ,https://www.google.com/maps/place/TacosWay+Toranomon+%E3%82%BF%E3%82%B3%E3%82%B9%E3%82%A6%E3%82%A7%E3%82%A4+%E8%99%8E%E3%83%8E%E9%96%80/data=!4m7!3m6!1s0x60188b8b1c4d037f:0x504d59bc2739e1b9!8m2!3d35.6679904!4d139.7500876!16s%2Fg%2F11fwjh6w2b!19sChIJfwNNHIuLGGARueE5J7xZTVA?authuser=0&hl=ja&rclk=1,mekishikoLiao Li Dian ,"mekishikoLiao Li Dian , resutoran, takosu resutoran",4.1,217,@105-6402 Dong Jing Du Gang Qu Hu noMen 1Ding Mu 17-1 Hu noMen hiruzu bizinesutawa 2F TacosWay Toranomon takosuuei Hu noMen ,35.6679904,139.7500876
ChIJAQDZNJTyGGAREx20wnYwnuE,mekishikanhuasutohudopokatakosuZhong Ye Dian ,https://www.google.com/maps/place/%E3%83%A1%E3%82%AD%E3%82%B7%E3%82%AB%E3%83%B3%E3%83%95%E3%82%A1%E3%82%B9%E3%83%88%E3%83%95%E3%83%BC%E3%83%89%E3%83%BB%E3%83%9D%E3%82%AB%E3%82%BF%E3%82%B3%E3%82%B9%E4%B8%AD%E9%87%8E%E5%BA%97/data=!4m7!3m6!1s0x6018f29434d90001:0xe19e3076c2b41d13!8m2!3d35.7052956!4d139.668119!16s%2Fg%2F1tgvdn_h!19sChIJAQDZNJTyGGAREx20wnYwnuE?authuser=0&hl=ja&rclk=1,tetsukusumetsukusuLiao Li Dian (amerika),"tetsukusumetsukusuLiao Li Dian (amerika), huasuto hudoDian , takosu resutoran",4,211,@164-0001 Dong Jing Du Zhong Ye Qu Zhong Ye 2Ding Mu 12-11 Fan Wei biru 1Jie  mekishikanhuasutohudopokatakosuZhong Ye Dian ,35.7052956,139.668119
ChIJEcrJcJPzGGARExro8JGYpEo,Kitade Tacos Xia Bei Ze Dian ,https://www.google.com/maps/place/Kitade+Tacos+%E4%B8%8B%E5%8C%97%E6%B2%A2%E5%BA%97/data=!4m7!3m6!1s0x6018f39370c9ca11:0x4aa49891f0e81a13!8m2!3d35.6605268!4d139.6658635!16s%2Fg%2F11rtnkhp4l!19sChIJEcrJcJPzGGARExro8JGYpEo?authuser=0&hl=ja&rclk=1,mekishikoLiao Li Dian ,mekishikoLiao Li Dian ,3.9,199,@155-0031 Dong Jing Du Shi Tian Gu Qu Bei Ze 2Ding Mu 21-22 Kitade Tacos Xia Bei Ze Dian ,35.6605268,139.6658635
ChIJ69ko2qn1GGARoa3moqq3O0Q,huiesutaderuamigo,https://www.google.com/maps/place/%E3%83%95%E3%82%A3%E3%82%A8%E3%82%B9%E3%82%BF%E3%83%87%E3%83%AB%E3%82%A2%E3%83%9F%E3%83%BC%E3%82%B4/data=!4m7!3m6!1s0x6018f5a9da28d9eb:0x443bb7aaa2e6ada1!8m2!3d35.5964097!4d139.6501628!16s%2Fg%2F1hc5pngh4!19sChIJ69ko2qn1GGARoa3moqq3O0Q?authuser=0&hl=ja&rclk=1,sutekihausu,sutekihausu,4.3,196,@158-0087 Dong Jing Du Shi Tian Gu Qu Yu Di 1Ding Mu 21-13 huiesutaderuamigo,35.5964097,139.6501628
ChIJNdFXzReJGGARyryUV02zu0g,cafe&bar MEDIUM(mideiamu),https://www.google.com/maps/place/cafe%26bar+MEDIUM%EF%BC%88%E3%83%9F%E3%83%87%E3%82%A3%E3%82%A2%E3%83%A0%EF%BC%89/data=!4m7!3m6!1s0x60188917cd57d135:0x48bbb34d5794bcca!8m2!3d35.6810414!4d139.8010309!16s%2Fg%2F1ptw8ygym!19sChIJNdFXzReJGGARyryUV02zu0g?authuser=0&hl=ja&rclk=1,mekishikoLiao Li Dian ,"mekishikoLiao Li Dian , ba, kahueChi Cha ",4.3,177,@135-0021 Dong Jing Du Jiang Dong Qu Bai He 1Ding Mu 4-18 cafe&bar MEDIUM(mideiamu),35.6810414,139.8010309
ChIJ0Ts91_mJGGARi9TqtJIeonI,wahuzu takosu&moa,https://www.google.com/maps/place/%E3%83%AF%E3%83%95%E3%83%BC%E3%82%BA+%E3%82%BF%E3%82%B3%E3%82%B9%26%E3%83%A2%E3%82%A2/data=!4m7!3m6!1s0x601889f9d73d3bd1:0x72a21e92b4ead48b!8m2!3d35.6245806!4d139.77475!16s%2Fg%2F1ptxqtck6!19sChIJ0Ts91_mJGGARi9TqtJIeonI?authuser=0&hl=ja&rclk=1,tetsukusumetsukusuLiao Li Dian (amerika),tetsukusumetsukusuLiao Li Dian (amerika),3.7,165,@135-0064 Dong Jing Du Jiang Dong Qu Qing Hai 1Ding Mu 1-10 daibashiteiDong Jing puraza7F wahuzu takosu&moa,35.6245806,139.77475
ChIJkShVOKeLGGARcYDRvE0Xl3U,Modern Mexican MAYAluz,https://www.google.com/maps/place/Modern+Mexican+MAYAluz/data=!4m7!3m6!1s0x60188ba738552891:0x7597174dbcd18071!8m2!3d35.6590872!4d139.7034767!16s%2Fg%2F11g_qkcjbn!19sChIJkShVOKeLGGARcYDRvE0Xl3U?authuser=0&hl=ja&rclk=1,mekishikoLiao Li Dian ,"mekishikoLiao Li Dian , ba, kahueteria, takosu resutoran",3.7,155,"Modern Mexican MAYAluz, 7F 2Ding Mu -21-1 Shibui Gu  Shibui Gu Qu  Dong Jing Du  150-0002",35.6590872,139.7034767
ChIJOWIeldr3GGAR6bIH-mh9njE,takoberu nosupoto*moruDian ,https://www.google.com/maps/place/%E3%82%BF%E3%82%B3%E3%83%99%E3%83%AB+%E3%83%8E%E3%83%BC%E3%82%B9%E3%83%9D%E3%83%BC%E3%83%88%EF%BD%A5%E3%83%A2%E3%83%BC%E3%83%AB%E5%BA%97/data=!4m7!3m6!1s0x6018f7da951e6239:0x319e7d68fa07b2e9!8m2!3d35.5516594!4d139.5792589!16s%2Fg%2F11h10_tzw7!19sChIJOWIeldr3GGAR6bIH-mh9njE?authuser=0&hl=ja&rclk=1,takosu resutoran,takosu resutoran,3.3,147,@224-0003 Shen Nai Chuan Xian Heng Bang Shi Du Zhu Qu Zhong Chuan Zhong Yang 1Ding Mu 25-1 3F hudokotoNei  takoberu nosupoto*moruDian ,35.5516594,139.5792589
ChIJizAX1TD1GGARDjNp99zlwoM,mekishikanburito&takosu SOLMEX(sorumetsukusu),https://www.google.com/maps/place/%E3%83%A1%E3%82%AD%E3%82%B7%E3%82%AB%E3%83%B3%E3%83%BB%E3%83%96%E3%83%AA%E3%83%88%E3%83%BC%26%E3%82%BF%E3%82%B3%E3%82%B9+SOLMEX%EF%BC%88%E3%82%BD%E3%83%AB%E3%83%A1%E3%83%83%E3%82%AF%E3%82%B9%EF%BC%89/data=!4m7!3m6!1s0x6018f530d517308b:0x83c2e5dcf769330e!8m2!3d35.6251825!4d139.6679217!16s%2Fg%2F11kgp95yfz!19sChIJizAX1TD1GGARDjNp99zlwoM?authuser=0&hl=ja&rclk=1,mekishikoLiao Li Dian ,mekishikoLiao Li Dian ,4.2,147,@152-0023 Dong Jing Du Mu Hei Qu Ba Yun 5Ding Mu 1-16 Ba Yun huratsuto 1F mekishikanburito&takosu SOLMEX(sorumetsukusu),35.6251825,139.6679217
ChIJydrtbwCNGGARaMRKyIrmXyA,TACOS 3HERMANOS HARAJUKU,https://www.google.com/maps/place/TACOS+3HERMANOS+HARAJUKU/data=!4m7!3m6!1s0x60188d006feddac9:0x205fe68ac84ac468!8m2!3d35.6708688!4d139.708639!16s%2Fg%2F11vytlp555!19sChIJydrtbwCNGGARaMRKyIrmXyA?authuser=0&hl=ja&rclk=1,takosu resutoran,takosu resutoran,4.1,143,@150-0001 Dong Jing Du Shibui Gu Qu Shen Gong Qian 3Ding Mu 26-5 URAHARA CENTRAL APARTMENT102 TACOS 3HERMANOS HARAJUKU,35.6708688,139.708639
ChIJaW7cq930GGAREPBgMhX-pa0,COSI COSI TOKYO MEXICAN,https://www.google.com/maps/place/COSI+COSI+TOKYO+MEXICAN/data=!4m7!3m6!1s0x6018f4ddabdc6e69:0xada5fe153260f010!8m2!3d35.6187124!4d139.6729176!16s%2Fg%2F1tg81hm5!19sChIJaW7cq930GGAREPBgMhX-pa0?authuser=0&hl=ja&rclk=1,mekishikoLiao Li Dian ,"mekishikoLiao Li Dian , burito resutoran, gurutenhuriLiao Li Dian , resutoran, sarada shiyotsupu, takosu resutoran, biganLiao Li Dian , bezitarianLiao Li Dian , wainba",4.4,139,@152-0023 Dong Jing Du Mu Hei Qu Ba Yun 1Ding Mu 7-16 COSI COSI TOKYO MEXICAN,35.6187124,139.6729176
ChIJzTzpRKaPGGAR6W-xR0hnobQ,takosuWu BLAISE(bureizu),https://www.google.com/maps/place/%E3%82%BF%E3%82%B3%E3%82%B9%E5%B1%8BBLAISE%28%E3%83%96%E3%83%AC%E3%82%A4%E3%82%BA%29/data=!4m7!3m6!1s0x60188fa644e93ccd:0xb4a1674847b16fe9!8m2!3d35.7002449!4d139.7752422!16s%2Fg%2F11tdgdfq95!19sChIJzTzpRKaPGGAR6W-xR0hnobQ?authuser=0&hl=ja&rclk=1,takosu resutoran,"takosu resutoran, amerikaLiao Li Dian , kahueChi Cha , Chuang Zuo Liao Li Dian , hanbagaDian , kebabushiyotsupu, teikuauto, mekishikoLiao Li Dian ",4.3,127,@101-0023 Dong Jing Du Qian Dai Tian Qu Shen Tian Song Yong Ting 17-5 Xiang Ze biru B1F takosuWu BLAISE(bureizu),35.7002449,139.7752422
ChIJY4js-T-NGGAR2pVUzHfADjE,takoberu MIYASHITA PARKDian ,https://www.google.com/maps/place/%E3%82%BF%E3%82%B3%E3%83%99%E3%83%AB+MIYASHITA+PARK%E5%BA%97/data=!4m7!3m6!1s0x60188d3ff9ec8863:0x310ec077cc5495da!8m2!3d35.6617368!4d139.7018622!16s%2Fg%2F11jm8d1pd6!19sChIJY4js-T-NGGAR2pVUzHfADjE?authuser=0&hl=ja&rclk=1,takosu resutoran,takosu resutoran,3.6,125,@150-0002 Dong Jing Du Shibui Gu Qu Shen Gong Qian 6Ding Mu 20-10 takoberu MIYASHITA PARKDian ,35.6617368,139.7018622
ChIJy1QAYJSLGGARMgzMbUShaBU,PARA TACO paratako,https://www.google.com/maps/place/PARA+TACO+%E3%83%91%E3%83%A9%E3%82%BF%E3%82%B3/data=!4m7!3m6!1s0x60188b94600054cb:0x1568a1446dcc0c32!8m2!3d35.6448942!4d139.6689933!16s%2Fg%2F11g0h8dgdg!19sChIJy1QAYJSLGGARMgzMbUShaBU?authuser=0&hl=ja&rclk=1,takosu resutoran,"takosu resutoran, bezitarianLiao Li Dian ",4.1,124,@154-0004 Dong Jing Du Shi Tian Gu Qu Tai Zi Tang 4Ding Mu 18-4 TSbiru 1Jie  PARA TACO paratako,35.6448942,139.6689933
ChIJgwbrUMRVGGARlLhj6LEnQsw,Taco Bell (Naval Base),https://www.google.com/maps/place/Taco+Bell+%28Naval+Base%29/data=!4m7!3m6!1s0x601855c450eb0683:0xcc4227b1e863b894!8m2!3d35.4538572!4d139.4334833!16s%2Fg%2F11c5_v4rsx!19sChIJgwbrUMRVGGARlLhj6LEnQsw?authuser=0&hl=ja&rclk=1,takosu resutoran,takosu resutoran,3.7,108,"Taco Bell (Naval Base), Shen Gu  Ling Lai Shi  Shen Nai Chuan Xian  252-1101",35.4538572,139.4334833
ChIJZcLupYhQGGARP_RaIhx4dX8,napamutakosu,https://www.google.com/maps/place/%E3%83%8A%E3%83%91%E3%83%BC%E3%83%A0%E3%82%BF%E3%82%B3%E3%82%B9/data=!4m7!3m6!1s0x60185088a5eec265:0x7f75781c225af43f!8m2!3d35.406283!4d139.517447!16s%2Fg%2F1tgmw77r!19sChIJZcLupYhQGGARP_RaIhx4dX8?authuser=0&hl=ja&rclk=1,takosu resutoran,"takosu resutoran, sutekihausu",4.1,105,@245-0014 Shen Nai Chuan Xian Heng Bang Shi Quan Qu Zhong Tian Nan 1Ding Mu 3-14 NAPALM napamutakosu,35.406283,139.517447
ChIJ0y3_b4eLGGAR6q6oerLsBDo,Oxomoco,https://www.google.com/maps/place/Oxomoco/data=!4m7!3m6!1s0x60188b876fff2dd3:0x3a04ecb27aa8aeea!8m2!3d35.6507701!4d139.721796!16s%2Fg%2F11jhsydvhj!19sChIJ0y3_b4eLGGAR6q6oerLsBDo?authuser=0&hl=ja&rclk=1,mekishikoLiao Li Dian ,mekishikoLiao Li Dian ,4.4,102,@150-0012 Dong Jing Du Shibui Gu Qu Guang Wei 5Ding Mu 4-16 1F EAT PLAY WORKS Oxomoco,35.6507701,139.721796
ChIJZZDysnZAGGARP9bXmUaNb3g,maikusuHeng Xu He Dian ,https://www.google.com/maps/place/%E3%83%9E%E3%82%A4%E3%82%AF%E3%82%B9%E6%A8%AA%E9%A0%88%E8%B3%80%E5%BA%97/data=!4m7!3m6!1s0x60184076b2f29065:0x786f8d4699d7d63f!8m2!3d35.2820692!4d139.6648511!16s%2Fg%2F1tgk0lmf!19sChIJZZDysnZAGGARP9bXmUaNb3g?authuser=0&hl=ja&rclk=1,mekishikoLiao Li Dian ,mekishikoLiao Li Dian ,3.9,101,@238-0041 Shen Nai Chuan Xian Heng Xu He Shi Ben Ting 2Ding Mu 5-2 maikusuHeng Xu He Dian ,35.2820692,139.6648511
ChIJ-XkT-9CNGGARZEll0RjhAgQ,kuronitsukutakosu,https://www.google.com/maps/place/%E3%82%AF%E3%83%AD%E3%83%8B%E3%83%83%E3%82%AF%E3%82%BF%E3%82%B3%E3%82%B9/data=!4m7!3m6!1s0x60188dd0fb1379f9:0x402e118d1654964!8m2!3d35.6874568!4d139.6995889!16s%2Fg%2F11h0367f5r!19sChIJ-XkT-9CNGGARZEll0RjhAgQ?authuser=0&hl=ja&rclk=1,mekishikoLiao Li Dian ,mekishikoLiao Li Dian ,2.8,95,"@151-0053 Dong Jing Du Shibui Gu Qu Dai ""Mu 2Ding Mu 7-2 kuronitsukutakosu",35.6874568,139.6995889
ChIJpxLo5cb9GGARqrFzOFF9b_Q,TACOS GRACIOSO,https://www.google.com/maps/place/TACOS+GRACIOSO/data=!4m7!3m6!1s0x6018fdc6e5e812a7:0xf46f7d513873b1aa!8m2!3d35.5781674!4d139.3750442!16s%2Fg%2F11rz3nrh00!19sChIJpxLo5cb9GGARqrFzOFF9b_Q?authuser=0&hl=ja&rclk=1,mekishikoLiao Li Dian ,"mekishikoLiao Li Dian , Qing Shi Dian ",4.8,93,@252-0231 Shen Nai Chuan Xian Xiang Mo Yuan Shi Zhong Yang Qu Xiang Mo Yuan 4Ding Mu 6-10 1Jie  TACOS GRACIOSO,35.5781674,139.3750442
ChIJO8X7eceJGGARGSURRmKlDq8,Kitade Tacos COMMISSARY,https://www.google.com/maps/place/Kitade+Tacos+COMMISSARY/data=!4m7!3m6!1s0x601889c779fbc53b:0xaf0ea56246112519!8m2!3d35.6890585!4d139.7774361!16s%2Fg%2F11kzggvmmh!19sChIJO8X7eceJGGARGSURRmKlDq8?authuser=0&hl=ja&rclk=1,mekishikoLiao Li Dian ,mekishikoLiao Li Dian ,4.2,92,"Kitade Tacos COMMISSARY, 3Ding Mu -11-5 Ri Ben Qiao Ben Ting  Zhong Yang Qu  Dong Jing Du  103-0023",35.6890585,139.7774361
ChIJUyEJ0GNhGGARO0JD9QL8j_c,erutakosu,https://www.google.com/maps/place/%E3%82%A8%E3%83%AB%E3%82%BF%E3%82%B3%E3%82%B9/data=!4m7!3m6!1s0x60186163d0092153:0xf78ffc02f543423b!8m2!3d35.525268!4d139.7020078!16s%2Fg%2F11nx17p8q4!19sChIJUyEJ0GNhGGARO0JD9QL8j_c?authuser=0&hl=ja&rclk=1,takosu resutoran,takosu resutoran,4.5,91,@210-0014 Shen Nai Chuan Xian Chuan Qi Shi Chuan Qi Qu Bei Zhong 1Ding Mu 10-15 Tian Zhong manshiyon 102 erutakosu,35.525268,139.7020078
ChIJ08wLR0iLGGAROQ1Jg_dZVE8,Tokyo Tacos ChaChaCha,https://www.google.com/maps/place/Tokyo+Tacos+ChaChaCha/data=!4m7!3m6!1s0x60188b48470bccd3:0x4f5459f783490d39!8m2!3d35.6531905!4d139.7287388!16s%2Fg%2F11m9mf2jk5!19sChIJ08wLR0iLGGAROQ1Jg_dZVE8?authuser=0&hl=ja&rclk=1,takosu resutoran,"takosu resutoran, ba, suitsuDian , mekishikoLiao Li Dian , mekishikantorutaLiao Li Dian ",4.7,89,@106-0046 Dong Jing Du Gang Qu Yuan Ma Bu 2Ding Mu 8-1 Tokyo Tacos ChaChaCha,35.6531905,139.7287388
ChIJY8mKAeiLGGAR2tth7KRqlvE,TACO RiCO Azabu-juban takoritsukoMa Bu Shi Fan Dian ,https://www.google.com/maps/place/TACO+RiCO+Azabu-juban+%E3%82%BF%E3%82%B3%E3%83%AA%E3%83%83%E3%82%B3%E9%BA%BB%E5%B8%83%E5%8D%81%E7%95%AA%E5%BA%97/data=!4m7!3m6!1s0x60188be8018ac963:0xf1966aa4ec61dbda!8m2!3d35.656642!4d139.733569!16s%2Fg%2F11qbbqkfnt!19sChIJY8mKAeiLGGAR2tth7KRqlvE?authuser=0&hl=ja&rclk=1,mekishikoLiao Li Dian ,mekishikoLiao Li Dian ,4.2,87,@106-0045 Dong Jing Du Gang Qu Ma Bu Shi Fan 1Ding Mu 5-20 Heng Shan biru 1F TACO RiCO Azabu-juban takoritsukoMa Bu Shi Fan Dian ,35.656642,139.733569
ChIJXVtXAQJBGGARnNmdKVbolv8,TEX-MEX STAND Jalapenos,https://www.google.com/maps/place/TEX-MEX+STAND+Jalape%C3%B1os/data=!4m7!3m6!1s0x6018410201575b5d:0xff96e856299dd99c!8m2!3d35.2802269!4d139.6703291!16s%2Fg%2F11sbhhdk1r!19sChIJXVtXAQJBGGARnNmdKVbolv8?authuser=0&hl=ja&rclk=1,mekishikoLiao Li Dian ,mekishikoLiao Li Dian ,4.5,87,@238-0007 Shen Nai Chuan Xian Heng Xu He Shi Ruo Song Ting 1Ding Mu 3-1 TEX-MEX STAND Jalapenos,35.2802269,139.6703291
ChIJ2-E-NYuLGGARktU4m1Av4cI,Mole TAQUERIA Y BAR,https://www.google.com/maps/place/Mol%C3%A9+TAQUERIA+Y+BAR/data=!4m7!3m6!1s0x60188b8b353ee1db:0xc2e12f509b38d592!8m2!3d35.6826403!4d139.7643358!16s%2Fg%2F11kj7gwgp6!19sChIJ2-E-NYuLGGARktU4m1Av4cI?authuser=0&hl=ja&rclk=1,mekishikoLiao Li Dian ,"mekishikoLiao Li Dian , ba, resutoran, takosu resutoran, tetsukusumetsukusuLiao Li Dian (amerika)",3.8,84,@100-6507 Dong Jing Du Qian Dai Tian Qu Wan noNei 1Ding Mu 5-1 Wan noNei hausu Xin Wan noNei biru 7F Mole TAQUERIA Y BAR,35.6826403,139.7643358
ChIJF4F0IYv1GGARVAnl7d0kL0c,TACOS Shop IKEJIRI,https://www.google.com/maps/place/TACOS+Shop+IKEJIRI/data=!4m7!3m6!1s0x6018f58b21748117:0x472f24ddede50954!8m2!3d35.6497135!4d139.6831921!16s%2Fg%2F11lkhcw9sw!19sChIJF4F0IYv1GGARVAnl7d0kL0c?authuser=0&hl=ja&rclk=1,takosu resutoran,takosu resutoran,4,80,@154-0001 Dong Jing Du Shi Tian Gu Qu Chi Kao 2Ding Mu 31-17 TACOS Shop IKEJIRI,35.6497135,139.6831921
ChIJd0GDVduMGGARhrgOCrDB_cc,Rainbow Burritos Doumo,https://www.google.com/maps/place/Rainbow+Burritos+Doumo/data=!4m7!3m6!1s0x60188cdb55834177:0xc7fdc1b00a0eb886!8m2!3d35.6898125!4d139.7064103!16s%2Fg%2F11bw1z_sp0!19sChIJd0GDVduMGGARhrgOCrDB_cc?authuser=0&hl=ja&rclk=1,burito resutoran,burito resutoran,4,76,@160-0022 Dong Jing Du Xin Su Qu Xin Su 3Ding Mu 1-32 Xin Su biru 303 Rainbow Burritos Doumo,35.6898125,139.7064103
ChIJnVQbC7CLGGAR0gXUhTm7Nrw,takoritsukoDong Jing mitsudotaunDian ,https://www.google.com/maps/place/%E3%82%BF%E3%82%B3%E3%83%AA%E3%83%83%E3%82%B3%E6%9D%B1%E4%BA%AC%E3%83%9F%E3%83%83%E3%83%89%E3%82%BF%E3%82%A6%E3%83%B3%E5%BA%97/data=!4m7!3m6!1s0x60188bb00b1b549d:0xbc36bb3985d405d2!8m2!3d35.6656469!4d139.7306928!16s%2Fg%2F11pq2bbh_9!19sChIJnVQbC7CLGGAR0gXUhTm7Nrw?authuser=0&hl=ja&rclk=1,takosu resutoran,takosu resutoran,3.9,70,@107-0052 Dong Jing Du Gang Qu Chi Ban 9Ding Mu 7-3 Dong Jing mitsudotaun gareria B1F takoritsukoDong Jing mitsudotaunDian ,35.6656469,139.7306928
ChIJvU0mz9TyGGARVedw63UtlhE,4649.takoraisu,https://www.google.com/maps/place/4649.%E3%82%BF%E3%82%B3%E3%83%A9%E3%82%A4%E3%82%B9/data=!4m7!3m6!1s0x6018f2d4cf264dbd:0x11962d75eb70e755!8m2!3d35.6953145!4d139.6906253!16s%2Fg%2F1tf7gq65!19sChIJvU0mz9TyGGARVedw63UtlhE?authuser=0&hl=ja&rclk=1,resutoran,resutoran,3.8,69,@160-0023 Dong Jing Du Xin Su Qu Xi Xin Su 8Ding Mu 19-1 4649.takoraisu,35.6953145,139.6906253
ChIJWxvImciNGGARqvaKSsjK2k8,TAKOBAR,https://www.google.com/maps/place/TAKOBAR/data=!4m7!3m6!1s0x60188dc899c81b5b:0x4fdacac84a8af6aa!8m2!3d35.6620475!4d139.6989913!16s%2Fg%2F11j7j1vpww!19sChIJWxvImciNGGARqvaKSsjK2k8?authuser=0&hl=ja&rclk=1,mekishikoLiao Li Dian ,mekishikoLiao Li Dian ,4.1,61,@150-0042 Dong Jing Du Shibui Gu Qu Yu Tian Chuan Ting 15-1 Shibui Gu PARCO 10F TAKOBAR,35.6620475,139.6989913
ChIJPVAHVJVdGGARzasUu2-BEBI,Deli&Restaurant Bar Maachin,https://www.google.com/maps/place/Deli%EF%BC%86Restaurant+Bar+Maachin/data=!4m7!3m6!1s0x60185d955407503d:0x1210816fbb14abcd!8m2!3d35.4434488!4d139.6488101!16s%2Fg%2F11t7tqtwg6!19sChIJPVAHVJVdGGARzasUu2-BEBI?authuser=0&hl=ja&rclk=1,resutoran,resutoran,4.2,61,@231-0023 Shen Nai Chuan Xian Heng Bang Shi Zhong Qu Shan Xia Ting 82 De Yong biru 1F Deli&Restaurant Bar Maachin,35.4434488,139.6488101
ChIJdRlTV6VPGGARVTd7-ZN27-w,TACOS SHOP PARA MEXICO,https://www.google.com/maps/place/TACOS+SHOP+PARA+MEXICO/data=!4m7!3m6!1s0x60184fa557531975:0xecef7693f97b3755!8m2!3d35.3201461!4d139.4710167!16s%2Fg%2F11t5tdp_dg!19sChIJdRlTV6VPGGARVTd7-ZN27-w?authuser=0&hl=ja&rclk=1,mekishikoLiao Li Dian ,mekishikoLiao Li Dian ,4.4,59,@251-0037 Shen Nai Chuan Xian Teng Ze Shi Hu Zhao Hai An 2Ding Mu 3-9 Guan Gen biru 2F TACOS SHOP PARA MEXICO,35.3201461,139.4710167
ChIJMWDlb8KLGGARsecNIuqzXo0,TACO RiCO Atago takoritsuko Ai Dang gurinhiruzuDian ,https://www.google.com/maps/place/TACO+RiCO+Atago+%E3%82%BF%E3%82%B3%E3%83%AA%E3%83%83%E3%82%B3+%E6%84%9B%E5%AE%95%E3%82%B0%E3%83%AA%E3%83%BC%E3%83%B3%E3%83%92%E3%83%AB%E3%82%BA%E5%BA%97/data=!4m7!3m6!1s0x60188bc26fe56031:0x8d5eb3ea220de7b1!8m2!3d35.6619838!4d139.7490808!16s%2Fg%2F11gtz9zjs3!19sChIJMWDlb8KLGGARsecNIuqzXo0?authuser=0&hl=ja&rclk=1,takosu resutoran,"takosu resutoran, burito resutoran, mekishikoLiao Li Dian , resutoran, sarada shiyotsupu",4.1,57,@105-0002 Dong Jing Du Gang Qu Ai Dang 2Ding Mu 5-1 gurinhiruzuMORItawa 1F TACO RiCO Atago takoritsuko Ai Dang gurinhiruzuDian ,35.6619838,139.7490808
ChIJP9OUo-ulGWARik_c001PoRg,aroha takosu,https://www.google.com/maps/place/%E3%82%A2%E3%83%AD%E3%83%8F+%E3%82%BF%E3%82%B3%E3%82%B9/data=!4m7!3m6!1s0x6019a5eba394d33f:0x18a14f4dd3dc4f8a!8m2!3d35.2892035!4d139.186407!16s%2Fg%2F11ckqr6_v3!19sChIJP9OUo-ulGWARik_c001PoRg?authuser=0&hl=ja&rclk=1,resutoran,resutoran,4.1,56,@250-0216 Shen Nai Chuan Xian Xiao Tian Yuan Shi Gao Tian  aroha takosu,35.2892035,139.186407
ChIJr6M_-H3hGGARRwbpRdTshPU,Taco Wasa Tokyo Tacos,https://www.google.com/maps/place/Taco+Wasa+Tokyo+Tacos/data=!4m7!3m6!1s0x6018e17df83fa3af:0xf584ecd445e90647!8m2!3d35.6993287!4d139.4163029!16s%2Fg%2F11rkj0vpzg!19sChIJr6M_-H3hGGARRwbpRdTshPU?authuser=0&hl=ja&rclk=1,mekishikoLiao Li Dian ,"mekishikoLiao Li Dian , ba&guriru, takosu resutoran",4.4,53,@190-0012 Dong Jing Du Li Chuan Shi Shu Ting 2Ding Mu 16-1 GALERA TACHIKAWA Taco Wasa Tokyo Tacos,35.6993287,139.4163029
ChIJB-Gajo2NGGARUI7vnzeYCgA,"kitade tacos Dai ""Mu Dian ",https://www.google.com/maps/place/kitade+tacos+%E4%BB%A3%E3%80%85%E6%9C%A8%E5%BA%97/data=!4m7!3m6!1s0x60188d8d8e9ae107:0xa98379fef8e50!8m2!3d35.682704!4d139.6996701!16s%2Fg%2F11vkkjv52t!19sChIJB-Gajo2NGGARUI7vnzeYCgA?authuser=0&hl=ja&rclk=1,mekishikoLiao Li Dian ,mekishikoLiao Li Dian ,4.4,50,"@151-0053 Dong Jing Du Shibui Gu Qu Dai ""Mu 1Ding Mu 41-12 kitade tacos Dai ""Mu Dian ",35.682704,139.6996701
ChIJi0RD3AQfGWAR07oBr1HXCMg,TACOSUAVE,https://www.google.com/maps/place/TACOSUAVE/data=!4m7!3m6!1s0x60191f04dc43448b:0xc808d751af01bad3!8m2!3d35.6612403!4d139.333544!16s%2Fg%2F11pcwth87k!19sChIJi0RD3AQfGWAR07oBr1HXCMg?authuser=0&hl=ja&rclk=1,mekishikoLiao Li Dian ,"mekishikoLiao Li Dian , takosu resutoran",4.7,47,@192-0066 Dong Jing Du Ba Wang Zi Shi Ben Ting 12-14 TACOSUAVE,35.6612403,139.333544
ChIJ4WoRVn75GGARpO5qHMNtBWA,EL REY AMIGO/ANNEX Zhong Jian Shi Shang Dian Jie Dian ,https://www.google.com/maps/place/EL+REY+AMIGO%2FANNEX+%E4%BB%B2%E8%A6%8B%E4%B8%96%E5%95%86%E5%BA%97%E8%A1%97%E5%BA%97/data=!4m7!3m6!1s0x6018f97e56116ae1:0x60056dc31c6aeea4!8m2!3d35.5415953!4d139.4486643!16s%2Fg%2F11rfpbznsb!19sChIJ4WoRVn75GGARpO5qHMNtBWA?authuser=0&hl=ja&rclk=1,mekishikoLiao Li Dian ,mekishikoLiao Li Dian ,4.1,46,@194-0013 Dong Jing Du Ting Tian Shi Yuan Ting Tian 4Ding Mu 5-18 EL REY AMIGO/ANNEX Zhong Jian Shi Shang Dian Jie Dian ,35.5415953,139.4486643
ChIJ12vWyvlBGGARGche19HH8k4,TACOS TACOS (takosu takosu),https://www.google.com/maps/place/TACOS+TACOS+%28%E3%82%BF%E3%82%B3%E3%82%B9+%E3%82%BF%E3%82%B3%E3%82%B9%29/data=!4m7!3m6!1s0x601841f9cad66bd7:0x4ef2c7d1d75ec819!8m2!3d35.2797901!4d139.6618442!16s%2Fg%2F11s434lm_z!19sChIJ12vWyvlBGGARGche19HH8k4?authuser=0&hl=ja&rclk=1,mekishikoLiao Li Dian ,mekishikoLiao Li Dian ,3.8,44,@238-0042 Shen Nai Chuan Xian Heng Xu He Shi Xi Ru Ting 2Ding Mu 33 TACOS TACOS (takosu takosu),35.2797901,139.6618442
ChIJj6quRxgdGWARtu7FW4GXWm4,MEXICAN DINING BONOS (mekishikandainingubonosu)Qiao Ben ,https://www.google.com/maps/place/MEXICAN+DINING+BONOS+%EF%BC%88%E3%83%A1%E3%82%AD%E3%82%B7%E3%82%AB%E3%83%B3%E3%83%80%E3%82%A4%E3%83%8B%E3%83%B3%E3%82%B0%E3%83%9C%E3%83%8E%E3%82%B9%EF%BC%89%E6%A9%8B%E6%9C%AC/data=!4m7!3m6!1s0x60191d1847aeaa8f:0x6e5a97815bc5eeb6!8m2!3d35.597018!4d139.3442657!16s%2Fg%2F11h37y0lz7!19sChIJj6quRxgdGWARtu7FW4GXWm4?authuser=0&hl=ja&rclk=1,ba&guriru,ba&guriru,4.3,43,@252-0143 Shen Nai Chuan Xian Xiang Mo Yuan Shi Lu Qu Qiao Ben 6Ding Mu 12-15 SG-BLD Vol.5 103Hao Shi  MEXICAN DINING BONOS (mekishikandainingubonosu)Qiao Ben ,35.597018,139.3442657
ChIJ9diXxmBdGGARBo63qStkEOg,withPADDY yokohama uizupadeiyokohama,https://www.google.com/maps/place/withPADDY+yokohama+%E3%82%A6%E3%82%A3%E3%82%BA%E3%83%91%E3%83%87%E3%82%A3%E3%83%A8%E3%82%B3%E3%83%8F%E3%83%9E/data=!4m7!3m6!1s0x60185d60c697d8f5:0xe810642ba9b78e06!8m2!3d35.442453!4d139.6364622!16s%2Fg%2F11sqpcpvpt!19sChIJ9diXxmBdGGARBo63qStkEOg?authuser=0&hl=ja&rclk=1,huasuto hudoDian ,"huasuto hudoDian , tetsukusumetsukusuLiao Li Dian (amerika)",4.6,42,@231-0032 Shen Nai Chuan Xian Heng Bang Shi Zhong Qu Bu Lao Ting 1Ding Mu 4-11 gareriaBu Lao Ting  1Jie A withPADDY yokohama uizupadeiyokohama,35.442453,139.6364622
ChIJJbPS3hzzGGAROkARrpYszxk,"tazimatakosu Dong Gao Yuan Si  Tian Mi noSen Gong Yuan Qian  | Tajima Tacos, Higashi Koenji, Sanshinomori Park","https://www.google.com/maps/place/%E3%82%BF%E3%82%B8%E3%83%9E%E3%82%BF%E3%82%B3%E3%82%B9+%E6%9D%B1%E9%AB%98%E5%86%86%E5%AF%BA+%E8%9A%95%E7%B3%B8%E3%81%AE%E6%A3%AE%E5%85%AC%E5%9C%92%E5%89%8D+%7C+Tajima+Tacos,+Higashi+Koenji,+Sanshinomori+Park/data=!4m7!3m6!1s0x6018f31cded2b325:0x19cf2c96ae11403a!8m2!3d35.6961985!4d139.6571223!16s%2Fg%2F11s33531fv!19sChIJJbPS3hzzGGAROkARrpYszxk?authuser=0&hl=ja&rclk=1",takosu resutoran,"takosu resutoran, Li Shi Xing Shi noYin Shi Dian ",4.7,36,"@166-0012 Dong Jing Du Shan Bing Qu He Tian 3Ding Mu 50-9 tazimatakosu Dong Gao Yuan Si  Tian Mi noSen Gong Yuan Qian  | Tajima Tacos, Higashi Koenji, Sanshinomori Park",35.6961985,139.6571223
ChIJpXCo7kmLGGARgTgfdgDklD0,miyoshiWu ,https://www.google.com/maps/place/%E3%81%BF%E3%82%88%E3%81%97%E5%B1%8B/data=!4m7!3m6!1s0x60188b49eea870a5:0x3d94e400761f3881!8m2!3d35.6064187!4d139.7085578!16s%2Fg%2F11kk7ldm33!19sChIJpXCo7kmLGGARgTgfdgDklD0?authuser=0&hl=ja&rclk=1,mekishikoLiao Li Dian ,mekishikoLiao Li Dian ,4.3,35,@142-0054 Dong Jing Du Pin Chuan Qu Xi Zhong Yan 3Ding Mu 15-7 miyoshiya miyoshiWu ,35.6064187,139.7085578
ChIJGZX7G8rzGGARMVtLwqX_u3c,Peltre y Barro perutoureibaro,https://www.google.com/maps/place/Peltre+y+Barro+%E3%83%9A%E3%83%AB%E3%83%88%E3%82%A5%E3%83%AC%E3%82%A4%E3%83%90%E3%83%BC%E3%83%AD/data=!4m7!3m6!1s0x6018f3ca1bfb9519:0x77bbffa5c24b5b31!8m2!3d35.6542719!4d139.6614876!16s%2Fg%2F11hdz70qqz!19sChIJGZX7G8rzGGARMVtLwqX_u3c?authuser=0&hl=ja&rclk=1,resutoran,"resutoran, mekishikoLiao Li Dian ",4.7,34,@155-0033 Dong Jing Du Shi Tian Gu Qu Dai Tian 1Ding Mu 40-1 Peltre y Barro perutoureibaro,35.6542719,139.6614876
ChIJmfuVJiuLGGAR1g4nyKpZRTc,440 Broadway Taco Truck,https://www.google.com/maps/place/440+Broadway+Taco+Truck/data=!4m7!3m6!1s0x60188b2b2695fb99:0x374559aac8270ed6!8m2!3d35.6512988!4d139.7240127!16s%2Fg%2F11g0tsnzsz!19sChIJmfuVJiuLGGAR1g4nyKpZRTc?authuser=0&hl=ja&rclk=1,huasuto hudoDian ,huasuto hudoDian ,4.9,32,"440 Broadway Taco Truck, nashiyonaruMa Bu supamaketsuto 3Jie  4Ding Mu -5-2 Nan Ma Bu  Gang Qu  Dong Jing Du  106-0047",35.6512988,139.7240127
ChIJ20fZjJn1GGARKibZTyvLl48,Locano's,https://www.google.com/maps/place/Locano%27s/data=!4m7!3m6!1s0x6018f5998cd947db:0x8f97cb2b4fd9262a!8m2!3d35.5733791!4d139.6583262!16s%2Fg%2F11r2r3bt1c!19sChIJ20fZjJn1GGARKibZTyvLl48?authuser=0&hl=ja&rclk=1,mekishikoLiao Li Dian ,mekishikoLiao Li Dian ,4.5,28,@211-0016 Shen Nai Chuan Xian Chuan Qi Shi Zhong Yuan Qu Xiao Shan Ting 3Ding Mu 442-3 Locano's,35.5733791,139.6583262
ChIJb7qsUqdBGGARcjfPXEN-QuA,GRAN AZTECAS YOKOSUKA,https://www.google.com/maps/place/GRAN+AZTECAS+YOKOSUKA/data=!4m7!3m6!1s0x601841a752acba6f:0xe0427e435ccf3772!8m2!3d35.2807358!4d139.6689259!16s%2Fg%2F11frjj2m3b!19sChIJb7qsUqdBGGARcjfPXEN-QuA?authuser=0&hl=ja&rclk=1,mekishikoLiao Li Dian ,mekishikoLiao Li Dian ,3.8,28,"GRAN AZTECAS YOKOSUKA, darumaBen Dian biru, 2F, 2Ding Mu -22 Da Long Ting  Heng Xu He Shi  Shen Nai Chuan Xian  238-0008",35.2807358,139.6689259
ChIJk5STEeX1GGARbrPCUXyvq0o,PACO(pako),https://www.google.com/maps/place/PACO%EF%BC%88%E3%83%91%E3%82%B3%EF%BC%89/data=!4m7!3m6!1s0x6018f5e511939493:0x4aabaf7c51c2b36e!8m2!3d35.6320451!4d139.6866926!16s%2Fg%2F11sm_s_fp8!19sChIJk5STEeX1GGARbrPCUXyvq0o?authuser=0&hl=ja&rclk=1,takosu resutoran,"takosu resutoran, ba",4.4,27,@152-0001 Dong Jing Du Mu Hei Qu Zhong Yang Ting 2Ding Mu 36-10 kasasanburano 1F PACO(pako),35.6320451,139.6866926
ChIJ31n71emJGGARcWfnqm3pOrQ,kitade tacos & sake,https://www.google.com/maps/place/kitade+tacos+%26+sake/data=!4m7!3m6!1s0x601889e9d5fb59df:0xb43ae96daae76771!8m2!3d35.6860767!4d139.7822022!16s%2Fg%2F11sw11htq5!19sChIJ31n71emJGGARcWfnqm3pOrQ?authuser=0&hl=ja&rclk=1,mekishikoLiao Li Dian ,mekishikoLiao Li Dian ,3.8,27,@103-0013 Dong Jing Du Zhong Yang Qu Ri Ben Qiao Ren Xing Ting 1Ding Mu 19-5 emuzukurosuRen Xing Ting  2F 204 kitade tacos & sake,35.6860767,139.7822022
ChIJWWUL3FFdGGAR0MicS3m_1a0,CHAPMAN TACOS,https://www.google.com/maps/place/CHAPMAN+TACOS/data=!4m7!3m6!1s0x60185d51dc0b6559:0xadd5bf794b9cc8d0!8m2!3d35.4394706!4d139.6251567!16s%2Fg%2F11kq6shx87!19sChIJWWUL3FFdGGAR0MicS3m_1a0?authuser=0&hl=ja&rclk=1,mekishikoLiao Li Dian ,mekishikoLiao Li Dian ,4.8,26,@231-0055 Shen Nai Chuan Xian Heng Bang Shi Zhong Qu Mo Ji Ting 3Ding Mu 58-5 CHAPMAN TACOS,35.4394706,139.6251567
ChIJJ3iTuCCLGGARvhAv12AG4fI,maison tacos,https://www.google.com/maps/place/maison+tacos/data=!4m7!3m6!1s0x60188b20b8937827:0xf2e10660d72f10be!8m2!3d35.6534559!4d139.6988222!16s%2Fg%2F11l76r4f8h!19sChIJJ3iTuCCLGGARvhAv12AG4fI?authuser=0&hl=ja&rclk=1,mekishikoLiao Li Dian ,mekishikoLiao Li Dian ,4.9,23,@150-0035 Dong Jing Du Shibui Gu Qu Bo Shan Ting 1-7 maison tacos,35.6534559,139.6988222
ChIJxa2-GgCLGGARv1gBLhtBSAU,kitadetakosu,https://www.google.com/maps/place/%E3%82%AD%E3%82%BF%E3%83%87%E3%82%BF%E3%82%B3%E3%82%B9/data=!4m7!3m6!1s0x60188b001abeadc5:0x548411b2e0158bf!8m2!3d35.6224298!4d139.721973!16s%2Fg%2F11vz7c6ylg!19sChIJxa2-GgCLGGARv1gBLhtBSAU?authuser=0&hl=ja&rclk=1,takosu resutoran,takosu resutoran,3.7,22,@141-0031 Dong Jing Du Pin Chuan Qu Xi Wu Fan Tian 8Ding Mu 4-13 kitadetakosu,35.6224298,139.721973
ChIJk3gj9E2NGGAReMCDe2yhjBc,motsuchitakosu,https://www.google.com/maps/place/%E3%82%82%E3%81%A3%E3%81%A1%E3%82%BF%E3%82%B3%E3%82%B9/data=!4m7!3m6!1s0x60188d4df4237893:0x178ca16c7b83c078!8m2!3d35.6601015!4d139.6987315!16s%2Fg%2F11txtysp97!19sChIJk3gj9E2NGGAReMCDe2yhjBc?authuser=0&hl=ja&rclk=1,mekishikoLiao Li Dian ,mekishikoLiao Li Dian ,4.8,20,@150-0042 Dong Jing Du Shibui Gu Qu Yu Tian Chuan Ting 26 motsuchitakosu,35.6601015,139.6987315
ChIJd9AXgVWLGGAR9h0w-PkWMlo,takosutoRi Ben wain kobako,https://www.google.com/maps/place/%E3%82%BF%E3%82%B3%E3%82%B9%E3%81%A8%E6%97%A5%E6%9C%AC%E3%83%AF%E3%82%A4%E3%83%B3+%E3%81%93%E3%81%B0%E3%81%93/data=!4m7!3m6!1s0x60188b558117d077:0x5a3216f9f8301df6!8m2!3d35.6694882!4d139.7649463!16s%2Fg%2F11ks6k0mzj!19sChIJd9AXgVWLGGAR9h0w-PkWMlo?authuser=0&hl=ja&rclk=1,takosu resutoran,"takosu resutoran, ba, kareDian , wainba",4.5,15,@104-0061 Dong Jing Du Zhong Yang Qu Yin Zuo 6Ding Mu 12-17 Jin Guang biru 1Jie  takosutoRi Ben wain kobako,35.6694882,139.7649463
ChIJMR9lNyPzGGARPD_MVrfl_mg,perosuperasu,https://www.google.com/maps/place/%E3%83%9A%E3%83%AD%E3%82%B9%E3%83%9A%E3%83%A9%E3%82%B9/data=!4m7!3m6!1s0x6018f32337651f31:0x68fee5b756cc3f3c!8m2!3d35.6699364!4d139.6857975!16s%2Fg%2F11sszc8n9g!19sChIJMR9lNyPzGGARPD_MVrfl_mg?authuser=0&hl=ja&rclk=1,mekishikoLiao Li Dian ,mekishikoLiao Li Dian ,4.9,14,"@151-0062 Dong Jing Du Shibui Gu Qu Yuan Dai ""Mu Ting 9-6 TOPCOURT2 perosuperasu",35.6699364,139.6857975
ChIJE0b2luqLGGARk15oX_h4GRI,Los Tacos Azules (Ebisu),https://www.google.com/maps/place/Los+Tacos+Azules+%28Ebisu%29/data=!4m7!3m6!1s0x60188bea96f64613:0x121978f85f685e93!8m2!3d35.650415!4d139.7071529!16s%2Fg%2F11ksl0rl6w!19sChIJE0b2luqLGGARk15oX_h4GRI?authuser=0&hl=ja&rclk=1,takosu resutoran,"takosu resutoran, Zhong Nan Mi Liao Li resutoran, mekishikoLiao Li Dian ",4.5,13,"Los Tacos Azules (Ebisu), 1F 2 Chome-7-1 Ebisunishi Shibuya City, Tokyo 150-0013, Dong Jing Du  150-0013",35.650415,139.7071529
ChIJTUMJMwBbGGARzh3gUELwNIU,CRAZY TACOS,https://www.google.com/maps/place/CRAZY+TACOS/data=!4m7!3m6!1s0x60185b003309434d:0x8534f04250e01dce!8m2!3d35.425999!4d139.5956234!16s%2Fg%2F11vwsr0gbn!19sChIJTUMJMwBbGGARzh3gUELwNIU?authuser=0&hl=ja&rclk=1,takosu resutoran,takosu resutoran,5,11,@232-0066 Shen Nai Chuan Xian Heng Bang Shi Nan Qu Liu tsuChuan 1Ding Mu 39-3 CRAZY TACOS,35.425999,139.5956234
ChIJdSYvT1xOGGARSjPJesNrAkc,takosumairuXiang Nan Hu Zhao Hai An Dian ,https://www.google.com/maps/place/%E3%82%BF%E3%82%B3%E3%82%B9%E3%83%9E%E3%82%A4%E3%83%AB%E6%B9%98%E5%8D%97%E9%B5%A0%E6%B2%BC%E6%B5%B7%E5%B2%B8%E5%BA%97/data=!4m7!3m6!1s0x60184e5c4f2f2675:0x47026bc37ac9334a!8m2!3d35.315694!4d139.469982!16s%2Fg%2F11c1vnynsq!19sChIJdSYvT1xOGGARSjPJesNrAkc?authuser=0&hl=ja&rclk=1,kahueChi Cha ,"kahueChi Cha , resutoran",4.2,11,@251-0037 Shen Nai Chuan Xian Teng Ze Shi Hu Zhao Hai An 1Ding Mu 17-3 Xiang Nan Hai An Gong Yuan sahubiretsuzi takosumairuXiang Nan Hu Zhao Hai An Dian ,35.315694,139.469982
ChIJrd6L9auJGGARHc5EUs766cA,FRIJOLES hurihoresuRi Ben Qiao Shi Ting YUITO,https://www.google.com/maps/place/FRIJOLES+%E3%83%95%E3%83%AA%E3%83%9B%E3%83%BC%E3%83%AC%E3%82%B9%E6%97%A5%E6%9C%AC%E6%A9%8B%E5%AE%A4%E7%94%BAYUITO/data=!4m7!3m6!1s0x601889abf58bdead:0xc0e9face5244ce1d!8m2!3d35.687305!4d139.7739393!16s%2Fg%2F11vyqj7pqh!19sChIJrd6L9auJGGARHc5EUs766cA?authuser=0&hl=ja&rclk=1,tetsukusumetsukusuLiao Li Dian (amerika),"tetsukusumetsukusuLiao Li Dian (amerika), burito resutoran, mekishikoLiao Li Dian , sarada shiyotsupu",3.8,11,@103-0022 Dong Jing Du Zhong Yang Qu Ri Ben Qiao Shi Ting 2Ding Mu 4-3 Ri Ben Qiao Shi Ting Ye Cun biru B1Jie  FRIJOLES hurihoresuRi Ben Qiao Shi Ting YUITO,35.687305,139.7739393
ChIJ0UmE_k6LGGARmgAdoQNU4_s,LA OTACO,https://www.google.com/maps/place/LA+OTACO/data=!4m7!3m6!1s0x60188b4efe8449d1:0xfbe35403a11d009a!8m2!3d35.6268938!4d139.7332597!16s%2Fg%2F11qbkpp3db!19sChIJ0UmE_k6LGGARmgAdoQNU4_s?authuser=0&hl=ja&rclk=1,takosu resutoran,takosu resutoran,4.6,10,@108-0074 Dong Jing Du Gang Qu Gao Lun 4Ding Mu 13-7 LA OTACO,35.6268938,139.7332597
ChIJTd2WOgyLGGARahzD-4MJdYY,TACOS mi Casa takosu mikasa Ri Bi Gu huototawa Yi Dian ,https://www.google.com/maps/place/TACOS+mi+Casa+%E3%82%BF%E3%82%B3%E3%82%B9+%E3%83%9F%E3%82%AB%E3%83%BC%E3%82%B5+%E6%97%A5%E6%AF%94%E8%B0%B7%E3%83%95%E3%82%A9%E3%83%BC%E3%83%88%E3%82%BF%E3%83%AF+%E4%B8%80%E5%BA%97/data=!4m7!3m6!1s0x60188b0c3a96dd4d:0x86750983fbc31c6a!8m2!3d35.6699488!4d139.753214!16s%2Fg%2F11qgkgt873!19sChIJTd2WOgyLGGARahzD-4MJdYY?authuser=0&hl=ja&rclk=1,takosu resutoran,takosu resutoran,3.9,10,@105-0003 Dong Jing Du Gang Qu Xi Xin Qiao 1Ding Mu 1-1 Ri Bi Gu huototawa Yi Jie  TACOS mi Casa takosu mikasa Ri Bi Gu huototawa Yi Dian ,35.6699488,139.753214
ChIJp17dBa6NGGARms8zTwATlv4,Street Food Company,https://www.google.com/maps/place/Street+Food+Company/data=!4m7!3m6!1s0x60188dae05dd5ea7:0xfe9613004f33cf9a!8m2!3d35.6840176!4d139.6949421!16s%2Fg%2F11s3vprsd7!19sChIJp17dBa6NGGARms8zTwATlv4?authuser=0&hl=ja&rclk=1,mekishikoLiao Li Dian ,mekishikoLiao Li Dian ,5,7,"@151-0053 Dong Jing Du Shibui Gu Qu Dai ""Mu 3Ding Mu 13-1 Street Food Company",35.6840176,139.6949421
ChIJx-q5CIuLGGARoFwweElUVjI,raratakosu,https://www.google.com/maps/place/%E3%83%A9%E3%83%A9%E3%82%BF%E3%82%B3%E3%82%B9/data=!4m7!3m6!1s0x60188b8b08b9eac7:0x3256544978305ca0!8m2!3d35.3157827!4d139.5349802!16s%2Fg%2F11m454g6gj!19sChIJx-q5CIuLGGARoFwweElUVjI?authuser=0&hl=ja&rclk=1,takosu resutoran,takosu resutoran,5,5,@248-0016 Shen Nai Chuan Xian Lian Cang Shi Chang Gu 3Ding Mu 1-3 Da Fo Qian Shang Dian  raratakosu,35.3157827,139.5349802
ChIJcc3ENwD5GGARhzI7HEN-_uI,Birria Tacos,https://www.google.com/maps/place/Birria+Tacos/data=!4m7!3m6!1s0x6018f90037c4cd71:0xe2fe7e431c3b3287!8m2!3d35.5414268!4d139.4485646!16s%2Fg%2F11vm9mm0dc!19sChIJcc3ENwD5GGARhzI7HEN-_uI?authuser=0&hl=ja&rclk=1,mekishikoLiao Li Dian ,mekishikoLiao Li Dian ,5,4,"Birria Tacos, 4Ding Mu -5-18 Yuan Ting Tian  Ting Tian Shi  Dong Jing Du  194-0013",35.5414268,139.4485646
ChIJVX-vlJ1dGGARjmxzV-2qg0o,Tacos and beer,https://www.google.com/maps/place/Tacos+and+beer/data=!4m7!3m6!1s0x60185d9d94af7f55:0x4a83aaed57736c8e!8m2!3d35.4557575!4d139.641422!16s%2Fg%2F11sb4897wh!19sChIJVX-vlJ1dGGARjmxzV-2qg0o?authuser=0&hl=ja&rclk=1,takosu resutoran,takosu resutoran,4,4,"Tacos and beer, 2Ding Mu -14-1 Xin Gang  Zhong Qu  Heng Bang Shi  Shen Nai Chuan Xian  231-0001",35.4557575,139.641422
ChIJkzsJfN2LGGAR9rpe_tYD7g0,San Tacos,https://www.google.com/maps/place/San+Tacos/data=!4m7!3m6!1s0x60188bdd7c093b93:0xdee03d6fe5ebaf6!8m2!3d35.6568884!4d139.6966581!16s%2Fg%2F11vz4r1xqf!19sChIJkzsJfN2LGGAR9rpe_tYD7g0?authuser=0&hl=ja&rclk=1,takosu resutoran,takosu resutoran,5,4,@150-0043 Dong Jing Du Shibui Gu Qu Dao Xuan Ban 1Ding Mu 20-2 orientaruDao Xuan Ban An Da biru 101 San Tacos,35.6568884,139.6966581
ChIJ-VAofACLGGARw_4kE4Ta9Ao,mekishikanbaru MAYO You Tian Si ,https://www.google.com/maps/place/%E3%83%A1%E3%82%AD%E3%82%B7%E3%82%AB%E3%83%B3%E3%83%90%E3%83%AB+MAYO+%E7%A5%90%E5%A4%A9%E5%AF%BA/data=!4m7!3m6!1s0x60188b007c2850f9:0xaf4da841324fec3!8m2!3d35.6373537!4d139.6923646!16s%2Fg%2F11y4ydfr83!19sChIJ-VAofACLGGARw_4kE4Ta9Ao?authuser=0&hl=ja&rclk=1,mekishikoLiao Li Dian ,"mekishikoLiao Li Dian , mekishikantorutaLiao Li Dian ",4.8,4,@153-0052 Dong Jing Du Mu Hei Qu You Tian Si 2Ding Mu 3-12 mekishikanbaru MAYO You Tian Si ,35.6373537,139.6923646
ChIJ5YbNlj1dGGARQujzdsCyCD0,takosu&takoraisuMo Nawa ,https://www.google.com/maps/place/%E3%82%BF%E3%82%B3%E3%82%B9%26%E3%82%BF%E3%82%B3%E3%83%A9%E3%82%A4%E3%82%B9%E5%A2%A8%E7%B8%84/data=!4m7!3m6!1s0x60185d3d96cd86e5:0x3d08b2c076f3e842!8m2!3d35.4379436!4d139.6277998!16s%2Fg%2F11tjphwk96!19sChIJ5YbNlj1dGGARQujzdsCyCD0?authuser=0&hl=ja&rclk=1,takosu resutoran,takosu resutoran,4.7,3,@232-0021 Shen Nai Chuan Xian Heng Bang Shi Nan Qu Zhen Jin Ting 2Ding Mu 18 takosu&takoraisuMo Nawa ,35.4379436,139.6277998
ChIJ5fGt-ir1GGARkheZ8X92_lo,Tacos Guild Ju Ze ,https://www.google.com/maps/place/Tacos+Guild+%E9%A7%92%E6%B2%A2/data=!4m7!3m6!1s0x6018f52afaadf1e5:0x5afe767ff1991792!8m2!3d35.6281447!4d139.6560402!16s%2Fg%2F11w3vn7yvl!19sChIJ5fGt-ir1GGARkheZ8X92_lo?authuser=0&hl=ja&rclk=1,resutoran,"resutoran, supotsuFu He Shi She ",4.5,2,@154-0012 Dong Jing Du Shi Tian Gu Qu Ju Ze 4Ding Mu 13-10 2F Tacos Guild Ju Ze ,35.6281447,139.6560402
ChIJ_fdzuOOLGGARB_IK4S-2mwU,VOK Tacos,https://www.google.com/maps/place/VOK+Tacos/data=!4m7!3m6!1s0x60188be3b873f7fd:0x59bb62fe10af207!8m2!3d35.6716068!4d139.7611405!16s%2Fg%2F11v3tprt9r!19sChIJ_fdzuOOLGGARB_IK4S-2mwU?authuser=0&hl=ja&rclk=1,takosu resutoran,takosu resutoran,5,1,@104-0061 Dong Jing Du Zhong Yang Qu Yin Zuo 6Ding Mu 3-16 Tai Ming biru 2F VOK Tacos,35.6716068,139.7611405
ChIJK7MFDl1gGGARQjoAz86HD-A,STESKS TACOS,https://www.google.com/maps/place/STESKS+TACOS/data=!4m7!3m6!1s0x6018605d0e05b32b:0xe00f87cecf003a42!8m2!3d35.5619712!4d139.7131797!16s%2Fg%2F11f6nr3fvb!19sChIJK7MFDl1gGGARQjoAz86HD-A?authuser=0&hl=ja&rclk=1,resutoran,resutoran,,,@144-0051 Dong Jing Du Da Tian Qu Xi Pu Tian 7Ding Mu 64 STESKS TACOS,35.5619712,139.7131797
ChIJy-V-P_SLGGARIPWqxHcnqaY,BGM COFFEE & TACOS,https://www.google.com/maps/place/BGM+COFFEE+%26+TACOS/data=!4m7!3m6!1s0x60188bf43f7ee5cb:0xa6a92777c4aaf520!8m2!3d35.667871!4d139.7467193!16s%2Fg%2F11l2n6mq3t!19sChIJy-V-P_SLGGARIPWqxHcnqaY?authuser=0&hl=ja&rclk=1,takosu resutoran,takosu resutoran,,,@105-0001 Dong Jing Du Gang Qu Hu noMen 2Ding Mu 6-2 BGM COFFEE & TACOS,35.667871,139.7467193
ChIJW_RPIubzGGAR73a3w3ux6Do,5958 Roanoke TACOS,https://www.google.com/maps/place/5958+Roanoke+TACOS/data=!4m7!3m6!1s0x6018f3e6224ff45b:0x3ae8b17bc3b776ef!8m2!3d35.6686278!4d139.6908499!16s%2Fg%2F11f6kwgh6g!19sChIJW_RPIubzGGAR73a3w3ux6Do?authuser=0&hl=ja&rclk=1,takosu resutoran,takosu resutoran,,,@151-0063 Dong Jing Du Shibui Gu Qu Fu keGu 1Ding Mu 8-7 Fan Dao biru 1Jie  5958 Roanoke TACOS,35.6686278,139.6908499
