place_id,name,name_2,link,main_category,categories,rating,reviews,address,address_2,coordinatex,coordinatey,webpage
ChIJUd36uqSMGGARIkBBHqsDtdQ,チレス原宿,Chiles Harajuku,https://www.google.com/maps/place/%E3%83%81%E3%83%AC%E3%82%B9%E5%8E%9F%E5%AE%BF/data=!4m7!3m6!1s0x60188ca4bafadd51:0xd4b503ab1e414022!8m2!3d35.6703765!4d139.705599!16s%2Fg%2F12hvlrbfr!19sChIJUd36uqSMGGARIkBBHqsDtdQ?authuser=0&hl=ja&rclk=1,mekishikoLiao Li Dian ,"mekishikoLiao Li Dian , ba, burito resutoran",4.5,1233,〒150-0001 東京都渋谷区神宮前１丁目８−２４ ＯＺ原宿ビル,"OZ Harajuku Building, 1-8-24 Jingumae, Shibuya-ku, Tokyo 150-0001",35.6703765,139.705599,https://www.chiles-grill.com/
ChIJhVqPOsxPGGARDixBBbPC8uI,HOME taco bar,HOME taco bar,https://www.google.com/maps/place/HOME+taco+bar/data=!4m7!3m6!1s0x60184fcc3a8f5a85:0xe2f2c2b305412c0e!8m2!3d35.3076198!4d139.4937805!16s%2Fg%2F11ftsdx2zh!19sChIJhVqPOsxPGGARDixBBbPC8uI?authuser=0&hl=ja&rclk=1,tetsukusumetsukusuLiao Li Dian (amerika),"tetsukusumetsukusuLiao Li Dian (amerika), amerikaLiao Li Dian , ba, mekishikoLiao Li Dian ",4.8,902,〒248-0033 神奈川県鎌倉市腰越２丁目１０−２５−２０２,"2-10-25-202 Koshigoe, Kamakura-shi, Kanagawa 248-0033",35.3076198,139.4937805,https://home-taco-bar.jimdofree.com/
ChIJCfSEKqWMGGARR4G1S_6p1-I,LAS DOS CARAS MODERN MEXICANO Y TACOS,LAS DOS CARAS MODERN MEXICANO Y TACOS,https://www.google.com/maps/place/LAS+DOS+CARAS+MODERN+MEXICANO+Y+TACOS/data=!4m7!3m6!1s0x60188ca52a84f409:0xe2d7a9fe4bb58147!8m2!3d35.6700793!4d139.7037585!16s%2Fg%2F11cjgfytmh!19sChIJCfSEKqWMGGARR4G1S_6p1-I?authuser=0&hl=ja&rclk=1,mekishikoLiao Li Dian ,"mekishikoLiao Li Dian , ba, resutoran",4,834,〒150-0001 東京都渋谷区神宮前１丁目１０−３７ CASCADE HARAJUKU１F B１,"1-10-37 Jingumae, Shibuya-ku, Tokyo 150-0001, CASCADE HARAJUKU 1F B1",35.6700793,139.7037585,https://www.huge.co.jp/restaurant/modern-mexicano/lasdoscaras
ChIJa3cs7aiMGGAR6na0YBYaTts,TGI FRIDAYS 渋谷神南店,TGI FRIDAYS Shibuya Jinnan,https://www.google.com/maps/place/TGI+FRIDAYS+%E6%B8%8B%E8%B0%B7%E7%A5%9E%E5%8D%97%E5%BA%97/data=!4m7!3m6!1s0x60188ca8ed2c776b:0xdb4e1a1660b476ea!8m2!3d35.6624737!4d139.6998545!16s%2Fg%2F1wcxd29f!19sChIJa3cs7aiMGGAR6na0YBYaTts?authuser=0&hl=ja&rclk=1,resutoran,"resutoran, amerikaLiao Li Dian , ba, ba&guriru, daina, hanbagaDian , Zhai Pei /Chu Qian , modanJu Jiu Wu resutoran, niyu amerikanLiao Li Dian , sutekihausu",3.9,792,〒150-0041 東京都渋谷区神南１丁目１９−３ ハイマンテン神南ビル 2F,"2F, High Manten Jinnan Building, 1-19-3 Jinnan, Shibuya-ku, Tokyo 150-0041",35.6624737,139.6998545,https://tgifrydays-shibuya.com/menu/
ChIJ_-SFjaSMGGARB_Qz8dVZq94,Guzman y Gomez - Laforet Harajuku,Guzman y Gomez - Laforet Harajuku,https://www.google.com/maps/place/Guzman+y+Gomez+-+Laforet+Harajuku/data=!4m7!3m6!1s0x60188ca48d85e4ff:0xdeab59d5f133f407!8m2!3d35.6691989!4d139.7056932!16s%2Fg%2F11b6xyk1k_!19sChIJ_-SFjaSMGGARB_Qz8dVZq94?authuser=0&hl=ja&rclk=1,mekishikoLiao Li Dian ,"mekishikoLiao Li Dian , huasuto hudoDian , Zhai Pei /Chu Qian , teikuauto",3.8,722,〒150-0001 東京都渋谷区神宮前１丁目１１−６ ラフォーレ原宿 2階,"2F, Laforet Harajuku, 1-11-6 Jingumae, Shibuya-ku, Tokyo 150-0001",35.6691989,139.7056932,https://tabelog.com/tokyo/A1306/A130601/13179477/?cid=google_yoyaku
ChIJS_vnYayOGGAR2oVgoIZXK90,北出食堂,Kitade Shokudo,https://www.google.com/maps/place/%E5%8C%97%E5%87%BA%E9%A3%9F%E5%A0%82/data=!4m7!3m6!1s0x60188eac61e7fb4b:0xdd2b5786a06085da!8m2!3d35.6935201!4d139.7791173!16s%2Fg%2F1pwfbvfjc!19sChIJS_vnYayOGGAR2oVgoIZXK90?authuser=0&hl=ja&rclk=1,mekishikoLiao Li Dian ,"mekishikoLiao Li Dian , ba&guriru, modanJu Jiu Wu resutoran",4.2,584,〒101-0032 東京都千代田区岩本町１丁目１３−５ Trust Value 岩本町,"1-13-5 Trust Value Iwamotocho, Chiyoda-ku, Tokyo 101-0032",35.6935201,139.7791173,https://www.kitadeshokudo.com/pages/shokudo
ChIJ2XRaORGMGGARr46tS5SgYE0,タコベル 神保町店,Taco Bell Jimbocho,https://www.google.com/maps/place/%E3%82%BF%E3%82%B3%E3%83%99%E3%83%AB+%E7%A5%9E%E4%BF%9D%E7%94%BA%E5%BA%97/data=!4m7!3m6!1s0x60188c11395a74d9:0x4d60a0944bad8eaf!8m2!3d35.6961484!4d139.7591297!16s%2Fg%2F11ggkzh0ky!19sChIJ2XRaORGMGGARr46tS5SgYE0?authuser=0&hl=ja&rclk=1,takosu resutoran,takosu resutoran,3.6,548,,,35.6961484,139.7591297,http://tacobell.co.jp/
ChIJPT12Y5-LGGARiv-Y9wQT1Tk,FRIJOLES フリホーレス 麻布十番店 AZABU-JUBAN,FRIJOLES Azabu-Juban,https://www.google.com/maps/place/FRIJOLES+%E3%83%95%E3%83%AA%E3%83%9B%E3%83%BC%E3%83%AC%E3%82%B9+%E9%BA%BB%E5%B8%83%E5%8D%81%E7%95%AA%E5%BA%97+AZABU-JUBAN/data=!4m7!3m6!1s0x60188b9f63763d3d:0x39d51304f798ff8a!8m2!3d35.6555331!4d139.7354306!16s%2Fg%2F1tfqlcky!19sChIJPT12Y5-LGGARiv-Y9wQT1Tk?authuser=0&hl=ja&rclk=1,tetsukusumetsukusuLiao Li Dian (amerika),"tetsukusumetsukusuLiao Li Dian (amerika), burito resutoran, mekishikoLiao Li Dian , sarada shiyotsupu, takosu resutoran",4.1,474,〒106-0045 東京都港区麻布十番２丁目３−５ 羽田ビル １階,"1F, Haneda Building, 2-3-5 Azabu-juban, Minato-ku, Tokyo 106-0045",35.6555331,139.7354306,https://frijoles.jp/menu.html
ChIJB3pxFfaJGGAR0kfKB7KJPhQ,タコベル アクアシティお台場店,Taco Bell Aquacity Odaiba,https://www.google.com/maps/place/%E3%82%BF%E3%82%B3%E3%83%99%E3%83%AB+%E3%82%A2%E3%82%AF%E3%82%A2%E3%82%B7%E3%83%86%E3%82%A3%E3%81%8A%E5%8F%B0%E5%A0%B4%E5%BA%97/data=!4m7!3m6!1s0x601889f615717a07:0x143e89b207ca47d2!8m2!3d35.6283835!4d139.7740058!16s%2Fg%2F11c47skl0x!19sChIJB3pxFfaJGGAR0kfKB7KJPhQ?authuser=0&hl=ja&rclk=1,takosu resutoran,"takosu resutoran, resutoran",3.9,444,〒135-0091 東京都港区台場１丁目７−１ アクアシティ お台場 ３Ｆ,"1-7-1 Odaiba, Minato-ku, Tokyo 135-0091 3F",35.6283835,139.7740058,https://tacobell.co.jp/
ChIJp1ycgamMGGARy2PY-G0pjAo,カサデサラサ,Casa de Sarasa,https://www.google.com/maps/place/%E3%82%AB%E3%82%B5%E3%83%87%E3%82%B5%E3%83%A9%E3%82%B5/data=!4m7!3m6!1s0x60188ca9819c5ca7:0xa8c296df8d863cb!8m2!3d35.660224!4d139.696557!16s%2Fg%2F11g7z0ll7q!19sChIJp1ycgamMGGARy2PY-G0pjAo?authuser=0&hl=ja&rclk=1,mekishikoLiao Li Dian ,"mekishikoLiao Li Dian , ba, resutoran, takosu resutoran",4.3,438,〒150-0043 東京都渋谷区道玄坂２丁目２５−５ 島田ビル 2F,"2F Shimada Building, 2-25-5 Dogenzaka, Shibuya-ku, Tokyo 150-0043",35.660224,139.696557,https://yoyaku.toreta.in/casadesarasa/
ChIJr6Lcp8WLGGARc2jAcSzlV6E,Modern Mexican CABOS,Modern Mexican CABOS,https://www.google.com/maps/place/Modern+Mexican+CABOS/data=!4m7!3m6!1s0x60188bc5a7dca2af:0xa157e52c71c06873!8m2!3d35.6489219!4d139.7466411!16s%2Fg%2F11h7rkwbhg!19sChIJr6Lcp8WLGGARc2jAcSzlV6E?authuser=0&hl=ja&rclk=1,mekishikoLiao Li Dian ,mekishikoLiao Li Dian ,4.2,400,〒108-0014 東京都港区芝５丁目９−８ Gems田町 １Ｆ,"1F Gems Tamachi, 5-9-8 Shiba, Minato-ku, Tokyo 108-0014",35.6489219,139.7466411,https://cabos.shop/
ChIJBzAokgeMGGAR7d0sXO1vhPo,フリホーレス 大手町ファーストスクエア店,Frijoles Otemachi First Square,https://www.google.com/maps/place/%E3%83%95%E3%83%AA%E3%83%9B%E3%83%BC%E3%83%AC%E3%82%B9+%E5%A4%A7%E6%89%8B%E7%94%BA%E3%83%95%E3%82%A1%E3%83%BC%E3%82%B9%E3%83%88%E3%82%B9%E3%82%AF%E3%82%A8%E3%82%A2%E5%BA%97/data=!4m7!3m6!1s0x60188c0792283007:0xfa846fed5c2cdded!8m2!3d35.6859584!4d139.7644972!16s%2Fg%2F1ptywf7j_!19sChIJBzAokgeMGGAR7d0sXO1vhPo?authuser=0&hl=ja&rclk=1,tetsukusumetsukusuLiao Li Dian (amerika),"tetsukusumetsukusuLiao Li Dian (amerika), takosu resutoran",4,393,〒100-0004 東京都千代田区大手町１丁目５−１ ウエストタワー １Ｆ イースト,"1F West Tower, 1-5-1 Otemachi, Chiyoda-ku, Tokyo 100-0004",35.6859584,139.7644972,https://frijoles.jp/menu.html
ChIJm7BR4GP1GGARDJfa9aHwqsI,ロス・タコス・アスーレス,Los Tacos Azules,https://www.google.com/maps/place/%E3%83%AD%E3%82%B9%E3%83%BB%E3%82%BF%E3%82%B3%E3%82%B9%E3%83%BB%E3%82%A2%E3%82%B9%E3%83%BC%E3%83%AC%E3%82%B9/data=!4m7!3m6!1s0x6018f563e051b09b:0xc2aaf0a1f5da970c!8m2!3d35.6383451!4d139.6681172!16s%2Fg%2F11f9ylts0g!19sChIJm7BR4GP1GGARDJfa9aHwqsI?authuser=0&hl=ja&rclk=1,mekishikoLiao Li Dian ,mekishikoLiao Li Dian ,4.4,388,〒154-0011 東京都世田谷区上馬１丁目１７−９,"17-9 Kamiuma, Setagaya-ku, Tokyo 154-0011",35.6383451,139.6681172,https://www.lostacosazules.jp/menu
ChIJzdpa5MT5GGARH_gxI75QOLg,AMERICAN HOUSE グランベリーパーク店,AMERICAN HOUSE Grandberry Park,https://www.google.com/maps/place/AMERICAN+HOUSE+%E3%82%B0%E3%83%A9%E3%83%B3%E3%83%99%E3%83%AA%E3%83%BC%E3%83%91%E3%83%BC%E3%82%AF%E5%BA%97/data=!4m7!3m6!1s0x6018f9c4e45adacd:0xb83850be2331f81f!8m2!3d35.5093595!4d139.46966!16s%2Fg%2F11j0z4_4wh!19sChIJzdpa5MT5GGARH_gxI75QOLg?authuser=0&hl=ja&rclk=1,amerikaLiao Li Dian ,"amerikaLiao Li Dian , hanbagaDian ",3.9,383,〒194-0004 東京都町田市鶴間３丁目４−１ グランベリーパーク セントラルコート2F,"2F Central Court, Granberry Park, 3-4-1 Tsuruma, Machida-shi, Tokyo 194-0004",35.5093595,139.46966,https://americanhouse.co.jp/shop/american-house-setak-tacos-granberry-park/
ChIJf5dRBqyLGGARy8cttMc1N34,北出TACOS,Kitade TACOS,https://www.google.com/maps/place/%E5%8C%97%E5%87%BATACOS/data=!4m7!3m6!1s0x60188bac0651977f:0x7e3735c7b42dc7cb!8m2!3d35.6821825!4d139.7669572!16s%2Fg%2F11jxqb7s3h!19sChIJf5dRBqyLGGARy8cttMc1N34?authuser=0&hl=ja&rclk=1,mekishikoLiao Li Dian ,mekishikoLiao Li Dian ,4.2,372,〒100-0005 東京都千代田区丸の内１丁目９−１ JR 東京駅 グランスタ B1F,"B1F Gransta, JR Tokyo Station, 1-9-1 Marunouchi, Chiyoda-ku, Tokyo 100-0005",35.6821825,139.7669572,https://www.kitadeshokudo.com/pages/kitade-tacos
ChIJWbH_ElWJGGARhEA07xCs5lk,COMMISSARY NIHONBASHI,COMMISSARY NIHONBASHI,https://www.google.com/maps/place/COMMISSARY+NIHONBASHI/data=!4m7!3m6!1s0x6018895512ffb159:0x59e6ac10ef344084!8m2!3d35.689077!4d139.7773335!16s%2Fg%2F11k2f40_0r!19sChIJWbH_ElWJGGARhEA07xCs5lk?authuser=0&hl=ja&rclk=1,hudokoto,"hudokoto, biahoru, kohi sutando, donatsuDian , pizaDian , takosu resutoran",3.8,344,〒103-0023 東京都中央区日本橋本町３丁目１１−５ ライフサイエンスビル ２ １F,"1F Life Science Building 2, 3-11-5 Nihonbashi Honmachi, Chuo-ku, Tokyo 103-0023",35.689077,139.7773335,https://support.google.com/contributionpolicy/answer/7400114?ref_topic=7422769
ChIJG-aYKNf-GGARZKVYZmNQEYA,マイクス 東林間店,Mike's Higashirinkan,https://www.google.com/maps/place/%E3%83%9E%E3%82%A4%E3%82%AF%E3%82%B9+%E6%9D%B1%E6%9E%97%E9%96%93%E5%BA%97/data=!4m7!3m6!1s0x6018fed72898e61b:0x801150636658a564!8m2!3d35.52146!4d139.438744!16s%2Fg%2F1tggtkwx!19sChIJG-aYKNf-GGARZKVYZmNQEYA?authuser=0&hl=ja&rclk=1,mekishikoLiao Li Dian ,mekishikoLiao Li Dian ,4.3,332,〒252-0302 神奈川県相模原市南区上鶴間６丁目３１−１３ ガーデンハウス 1F,"1F Garden House, 6-31-13 Kamitsuruma, Minami-ku, Sagamihara-shi, Kanagawa 252-0302 1F",35.52146,139.438744,https://www.hotpepper.jp/strJ003807230/yoyaku/?vos=othpporgzzzzx00000001
ChIJd2O_BilOGGARfhl99-D4KfA,エルカリーニョ,El Carino,https://www.google.com/maps/place/%E3%82%A8%E3%83%AB%E3%82%AB%E3%83%AA%E3%83%BC%E3%83%8B%E3%83%A7/data=!4m7!3m6!1s0x60184e2906bf6377:0xf029f8e0f77d197e!8m2!3d35.347853!4d139.4800099!16s%2Fg%2F1tfg7ms3!19sChIJd2O_BilOGGARfhl99-D4KfA?authuser=0&hl=ja&rclk=1,mekishikoLiao Li Dian ,mekishikoLiao Li Dian ,4.2,313,〒251-0052 神奈川県藤沢市藤沢２丁目１−３,"2-1-3 Fujisawa, Fujisawa, Kanagawa 251-0052",35.347853,139.4800099,http://www.elamigo1965.com/
ChIJm341KpWLGGARfTpdP76u7vc,440BROADWAY Taco Shop | Tex Mex Burrito Taco Tokyo,440BROADWAY Taco Shop | Tex Mex Burrito Taco Tokyo,https://www.google.com/maps/place/440BROADWAY+Taco+Shop+%7C+Tex+Mex+Burrito+Taco+Tokyo/data=!4m7!3m6!1s0x60188b952a357e9b:0xf7eeaebe3f5d3a7d!8m2!3d35.6470788!4d139.7162327!16s%2Fg%2F11fkqysc4k!19sChIJm341KpWLGGARfTpdP76u7vc?authuser=0&hl=ja&rclk=1,tetsukusumetsukusuLiao Li Dian (amerika),"tetsukusumetsukusuLiao Li Dian (amerika), burito resutoran, mekishikoLiao Li Dian , takosu resutoran",4.5,312,〒150-0013 東京都渋谷区恵比寿１丁目２５−３ レジデンサプリマベェラァ201,"201 Residence Prima Beller, 1-25-3 Ebisu, Shibuya, Tokyo 150-0013",35.6470788,139.7162327,https://www.440broadway.com/menu-1
ChIJOVz54l9cGGARRGINc6zgLVo,AFRO TACOS,AFRO TACOS,https://www.google.com/maps/place/AFRO+TACOS/data=!4m7!3m6!1s0x60185c5fe2f95c39:0x5a2de0ac730d6244!8m2!3d35.4483446!4d139.6300609!16s%2Fg%2F11dybr2sty!19sChIJOVz54l9cGGARRGINc6zgLVo?authuser=0&hl=ja&rclk=1,mekishikoLiao Li Dian ,"mekishikoLiao Li Dian , amerikaLiao Li Dian , ba, niyu amerikanLiao Li Dian , tetsukusumetsukusuLiao Li Dian (amerika)",4,303,〒231-0064 神奈川県横浜市中区野毛町２丁目７２−２,"2-72-2 Noge-cho, Naka, Yokohama, Kanagawa 231-0064",35.4483446,139.6300609,https://www.tablecheck.com/shops/afro-tacos/reserve?utm_source=google
ChIJEX_b6lqKGGARBl-rYSWKuZg,Guzman y Gomez - Shinagawa,Guzman y Gomez - Shinagawa,https://www.google.com/maps/place/Guzman+y+Gomez+-+Shinagawa/data=!4m7!3m6!1s0x60188a5aeadb7f11:0x98b98a2561ab5f06!8m2!3d35.6290546!4d139.7408966!16s%2Fg%2F11csp7s9fr!19sChIJEX_b6lqKGGARBl-rYSWKuZg?authuser=0&hl=ja&rclk=1,mekishikoLiao Li Dian ,"mekishikoLiao Li Dian , huasuto hudoDian , Zhai Pei /Chu Qian , teikuauto",3.9,293,〒108-0075 東京都港区港南２丁目１８−１ アトレ品川 3階,"3F Atre Shinagawa, 2-18-1 Konan, Minato, Tokyo 108-0075",35.6290546,139.7408966,https://tabelog.com/tokyo/A1314/A131403/13201617/?cid=google_yoyaku
ChIJAQC8b8JVGGARHlxbE42GDiw,Rock'nRoll BURRITO,Rock'nRoll BURRITO,https://www.google.com/maps/place/Rock%27nRoll+BURRITO/data=!4m7!3m6!1s0x601855c26fbc0001:0x2c0e868d135b5c1e!8m2!3d35.4594513!4d139.4331575!16s%2Fg%2F11cmnrz35j!19sChIJAQC8b8JVGGARHlxbE42GDiw?authuser=0&hl=ja&rclk=1,burito resutoran,burito resutoran,4.6,270,〒252-1104 神奈川県綾瀬市大上１丁目３０−２０ フラワースクエア花井工業共同住宅,"30-20 Okami, Ayase, Kanagawa 252-1104 Flower Square Hanai Industrial Apartment Complex",35.4594513,139.4331575,https://instagram.com/rocknrollburrito?igshid=1jz4juflofzqy
ChIJB69cmGqLGGARTt91cmMKxBQ,LA ESQUINA,LA ESQUINA,https://www.google.com/maps/place/LA+ESQUINA/data=!4m7!3m6!1s0x60188b6a985caf07:0x14c40a637275df4e!8m2!3d35.6470479!4d139.7121889!16s%2Fg%2F11c6qq0k6q!19sChIJB69cmGqLGGARTt91cmMKxBQ?authuser=0&hl=ja&rclk=1,mekishikoLiao Li Dian ,mekishikoLiao Li Dian ,4,264,〒150-0013 東京都渋谷区恵比寿１丁目１３−６ 第二伊藤ビル 101,"101 Daini Ito Building, 1-13-6 Ebisu, Shibuya, Tokyo 150-0013",35.6470479,139.7121889,https://www.hotpepper.jp/strJ001233659/yoyaku/?vos=othpporgzzzzx00000001
ChIJ3Z8iJIWLGGARuE5HORAy8Fs,TACO RiCO ARK Hills タコリッコ アークヒルズ店,TACO RiCO ARK Hills Taco Rico Ark Hills Branch,https://www.google.com/maps/place/TACO+RiCO+ARK+Hills+%E3%82%BF%E3%82%B3%E3%83%AA%E3%83%83%E3%82%B3+%E3%82%A2%E3%83%BC%E3%82%AF%E3%83%92%E3%83%AB%E3%82%BA%E5%BA%97/data=!4m7!3m6!1s0x60188b8524229fdd:0x5bf0321039474eb8!8m2!3d35.667199!4d139.739868!16s%2Fg%2F11bwgwf600!19sChIJ3Z8iJIWLGGARuE5HORAy8Fs?authuser=0&hl=ja&rclk=1,takosu resutoran,"takosu resutoran, burito resutoran",4.1,244,〒107-6002 東京都港区赤坂１丁目１２−３２,"12-32 Akasaka, Minato, Tokyo 107-6002",35.667199,139.739868,http://www.tacorico.jp/menu.html
ChIJ04clmWJBGGAR4Y_9tm4yAhQ,DOO's DELI Mexican Restaurant,DOO's DELI Mexican Restaurant,https://www.google.com/maps/place/DOO%27s+DELI+Mexican+Restaurant/data=!4m7!3m6!1s0x60184162992587d3:0x1402326eb6fd8fe1!8m2!3d35.283526!4d139.6722307!16s%2Fg%2F11r_vph3xy!19sChIJ04clmWJBGGAR4Y_9tm4yAhQ?authuser=0&hl=ja&rclk=1,mekishikoLiao Li Dian ,mekishikoLiao Li Dian ,4.5,243,〒238-0004 神奈川県横須賀市小川町２３−１ フドウ横須賀三笠ハイツ,"23-1 Ogawa-cho, Yokosuka, Kanagawa 238-0004 Fudo Yokosuka Mikasa Heights",35.283526,139.6722307,https://www.instagram.com/doosdeli/
ChIJ0WOJGfuNGGARQRwRrEQrOJo,La Cabina Shibuya,La Cabina Shibuya,https://www.google.com/maps/place/La+Cabina+Shibuya/data=!4m7!3m6!1s0x60188dfb198963d1:0x9a382b44ac111c41!8m2!3d35.6621701!4d139.6957784!16s%2Fg%2F11fb2t3pnn!19sChIJ0WOJGfuNGGARQRwRrEQrOJo?authuser=0&hl=ja&rclk=1,takosu resutoran,"takosu resutoran, mekishikoLiao Li Dian ",3.9,223,〒150-0042 東京都渋谷区宇田川町３７−１０,"37-10 Udagawacho, Shibuya-ku, Tokyo 150-0042",35.6621701,139.6957784,https://www.facebook.com/lacabinatokyo/
ChIJfwNNHIuLGGARueE5J7xZTVA,TacosWay Toranomon タコスウェイ 虎ノ門,TacosWay Toranomon,https://www.google.com/maps/place/TacosWay+Toranomon+%E3%82%BF%E3%82%B3%E3%82%B9%E3%82%A6%E3%82%A7%E3%82%A4+%E8%99%8E%E3%83%8E%E9%96%80/data=!4m7!3m6!1s0x60188b8b1c4d037f:0x504d59bc2739e1b9!8m2!3d35.6679904!4d139.7500876!16s%2Fg%2F11fwjh6w2b!19sChIJfwNNHIuLGGARueE5J7xZTVA?authuser=0&hl=ja&rclk=1,mekishikoLiao Li Dian ,"mekishikoLiao Li Dian , resutoran, takosu resutoran",4.1,217,〒105-6402 東京都港区虎ノ門１丁目１７−１ 虎ノ門ヒルズ ビジネスタワー 2F,"2F Toranomon Hills Business Tower, 1-17-1 Toranomon, Minato-ku, Tokyo 105-6402",35.6679904,139.7500876,https://www.cardenas.co.jp/shop/restaurant/tacosway-toranomon/
ChIJAQDZNJTyGGAREx20wnYwnuE,メキシカンファストフード・ポカタコス中野店,Mexican Fast Food Pocatacos Nakano Branch,https://www.google.com/maps/place/%E3%83%A1%E3%82%AD%E3%82%B7%E3%82%AB%E3%83%B3%E3%83%95%E3%82%A1%E3%82%B9%E3%83%88%E3%83%95%E3%83%BC%E3%83%89%E3%83%BB%E3%83%9D%E3%82%AB%E3%82%BF%E3%82%B3%E3%82%B9%E4%B8%AD%E9%87%8E%E5%BA%97/data=!4m7!3m6!1s0x6018f29434d90001:0xe19e3076c2b41d13!8m2!3d35.7052956!4d139.668119!16s%2Fg%2F1tgvdn_h!19sChIJAQDZNJTyGGAREx20wnYwnuE?authuser=0&hl=ja&rclk=1,tetsukusumetsukusuLiao Li Dian (amerika),"tetsukusumetsukusuLiao Li Dian (amerika), huasuto hudoDian , takosu resutoran",4,211,〒164-0001 東京都中野区中野２丁目１２−１１ 飯尾ビル 1階,"1F Iio Building, 2-12-11 Nakano, Nakano-ku, Tokyo 164-0001",35.7052956,139.668119,https://twitter.com/pocatacos?s=21&t=TV6rJkIdfaLTxcTt5LhhXg
ChIJEcrJcJPzGGARExro8JGYpEo,Kitade Tacos 下北沢店,Kitade Tacos Shimokitazawa Branch,https://www.google.com/maps/place/Kitade+Tacos+%E4%B8%8B%E5%8C%97%E6%B2%A2%E5%BA%97/data=!4m7!3m6!1s0x6018f39370c9ca11:0x4aa49891f0e81a13!8m2!3d35.6605268!4d139.6658635!16s%2Fg%2F11rtnkhp4l!19sChIJEcrJcJPzGGARExro8JGYpEo?authuser=0&hl=ja&rclk=1,mekishikoLiao Li Dian ,mekishikoLiao Li Dian ,3.9,199,〒155-0031 東京都世田谷区北沢２丁目２１−２２,"21-22 Kitazawa, Setagaya-ku, Tokyo 155-0031",35.6605268,139.6658635,http://kitadeshokudo.com/
ChIJ69ko2qn1GGARoa3moqq3O0Q,フィエスタデルアミーゴ,Fiesta Del Amigo,https://www.google.com/maps/place/%E3%83%95%E3%82%A3%E3%82%A8%E3%82%B9%E3%82%BF%E3%83%87%E3%83%AB%E3%82%A2%E3%83%9F%E3%83%BC%E3%82%B4/data=!4m7!3m6!1s0x6018f5a9da28d9eb:0x443bb7aaa2e6ada1!8m2!3d35.5964097!4d139.6501628!16s%2Fg%2F1hc5pngh4!19sChIJ69ko2qn1GGARoa3moqq3O0Q?authuser=0&hl=ja&rclk=1,sutekihausu,sutekihausu,4.3,196,〒158-0087 東京都世田谷区玉堤１丁目２１−１３,"21-13 Tamatate, Setagaya-ku, Tokyo 158-0087",35.5964097,139.6501628,http://fiestadelamigo.com/
ChIJNdFXzReJGGARyryUV02zu0g,cafe&bar MEDIUM（ミディアム）,cafe&bar MEDIUM,https://www.google.com/maps/place/cafe%26bar+MEDIUM%EF%BC%88%E3%83%9F%E3%83%87%E3%82%A3%E3%82%A2%E3%83%A0%EF%BC%89/data=!4m7!3m6!1s0x60188917cd57d135:0x48bbb34d5794bcca!8m2!3d35.6810414!4d139.8010309!16s%2Fg%2F1ptw8ygym!19sChIJNdFXzReJGGARyryUV02zu0g?authuser=0&hl=ja&rclk=1,mekishikoLiao Li Dian ,"mekishikoLiao Li Dian , ba, kahueChi Cha ",4.3,177,〒135-0021 東京都江東区白河１丁目４−１８,"4-18 Shirakawa, Koto-ku, Tokyo 135-0021",35.6810414,139.8010309,http://red-holly-works.com/portfolio/cafe-bar-medium/
ChIJ0Ts91_mJGGARi9TqtJIeonI,ワフーズ タコス&モア,Wafoo's Tacos & More,https://www.google.com/maps/place/%E3%83%AF%E3%83%95%E3%83%BC%E3%82%BA+%E3%82%BF%E3%82%B3%E3%82%B9%26%E3%83%A2%E3%82%A2/data=!4m7!3m6!1s0x601889f9d73d3bd1:0x72a21e92b4ead48b!8m2!3d35.6245806!4d139.77475!16s%2Fg%2F1ptxqtck6!19sChIJ0Ts91_mJGGARi9TqtJIeonI?authuser=0&hl=ja&rclk=1,tetsukusumetsukusuLiao Li Dian (amerika),tetsukusumetsukusuLiao Li Dian (amerika),3.7,165,〒135-0064 東京都江東区青海１丁目１−１０ ダイバーシティ東京プラザ7F,"7F DiverCity Tokyo Plaza, 1-1-10 Aomi, Koto-ku, Tokyo 135-0064",35.6245806,139.77475,http://www.wahoos.jp/
ChIJkShVOKeLGGARcYDRvE0Xl3U,Modern Mexican MAYAluz,Modern Mexican MAYAluz,https://www.google.com/maps/place/Modern+Mexican+MAYAluz/data=!4m7!3m6!1s0x60188ba738552891:0x7597174dbcd18071!8m2!3d35.6590872!4d139.7034767!16s%2Fg%2F11g_qkcjbn!19sChIJkShVOKeLGGARcYDRvE0Xl3U?authuser=0&hl=ja&rclk=1,mekishikoLiao Li Dian ,"mekishikoLiao Li Dian , ba, kahueteria, takosu resutoran",3.7,155,〒150-0002 東京都渋谷区渋谷２丁目２１−１ 7F,"7F Shibuya, Shibuya-ku, Tokyo 150-0002",35.6590872,139.7034767,https://tabelog.com/tokyo/A1303/A130301/13229597/dtlmenu/
ChIJOWIeldr3GGAR6bIH-mh9njE,タコベル ノースポート･モール店,Taco Bell Northport Mall Branch,https://www.google.com/maps/place/%E3%82%BF%E3%82%B3%E3%83%99%E3%83%AB+%E3%83%8E%E3%83%BC%E3%82%B9%E3%83%9D%E3%83%BC%E3%83%88%EF%BD%A5%E3%83%A2%E3%83%BC%E3%83%AB%E5%BA%97/data=!4m7!3m6!1s0x6018f7da951e6239:0x319e7d68fa07b2e9!8m2!3d35.5516594!4d139.5792589!16s%2Fg%2F11h10_tzw7!19sChIJOWIeldr3GGAR6bIH-mh9njE?authuser=0&hl=ja&rclk=1,takosu resutoran,takosu resutoran,3.3,147,〒224-0003 神奈川県横浜市都筑区中川中央１丁目２５−１ 3F フードコート内,"224-0003 3F Food Court, 1-25-1 Nakagawa Chuo, Tsuzuki-ku, Yokohama, Kanagawa",35.5516594,139.5792589,https://tacobell.co.jp/
ChIJizAX1TD1GGARDjNp99zlwoM,メキシカン・ブリトー&タコス SOLMEX（ソルメックス）,Mexican Burrito & Tacos SOLMEX,https://www.google.com/maps/place/%E3%83%A1%E3%82%AD%E3%82%B7%E3%82%AB%E3%83%B3%E3%83%BB%E3%83%96%E3%83%AA%E3%83%88%E3%83%BC%26%E3%82%BF%E3%82%B3%E3%82%B9+SOLMEX%EF%BC%88%E3%82%BD%E3%83%AB%E3%83%A1%E3%83%83%E3%82%AF%E3%82%B9%EF%BC%89/data=!4m7!3m6!1s0x6018f530d517308b:0x83c2e5dcf769330e!8m2!3d35.6251825!4d139.6679217!16s%2Fg%2F11kgp95yfz!19sChIJizAX1TD1GGARDjNp99zlwoM?authuser=0&hl=ja&rclk=1,mekishikoLiao Li Dian ,mekishikoLiao Li Dian ,4.2,147,〒152-0023 東京都目黒区八雲５丁目１−１６ 八雲フラット 1F,"1F Yakumo Flat, 1-16 Yakumo 5-chome, Meguro-ku, Tokyo 152-0023",35.6251825,139.6679217,http://www.solmex.jp/
ChIJydrtbwCNGGARaMRKyIrmXyA,TACOS 3HERMANOS HARAJUKU,TACOS 3HERMANOS HARAJUKU,https://www.google.com/maps/place/TACOS+3HERMANOS+HARAJUKU/data=!4m7!3m6!1s0x60188d006feddac9:0x205fe68ac84ac468!8m2!3d35.6708688!4d139.708639!16s%2Fg%2F11vytlp555!19sChIJydrtbwCNGGARaMRKyIrmXyA?authuser=0&hl=ja&rclk=1,takosu resutoran,takosu resutoran,4.1,143,〒150-0001 東京都渋谷区神宮前３丁目２６−５ URAHARA CENTRAL APARTMENT102,102 URAHARA CENTRAL APARTMENT,35.6708688,139.708639,https://www.instagram.com/tacos_3hermanos_df
ChIJaW7cq930GGAREPBgMhX-pa0,COSI COSI TOKYO MEXICAN,COSI COSI TOKYO MEXICAN,https://www.google.com/maps/place/COSI+COSI+TOKYO+MEXICAN/data=!4m7!3m6!1s0x6018f4ddabdc6e69:0xada5fe153260f010!8m2!3d35.6187124!4d139.6729176!16s%2Fg%2F1tg81hm5!19sChIJaW7cq930GGAREPBgMhX-pa0?authuser=0&hl=ja&rclk=1,mekishikoLiao Li Dian ,"mekishikoLiao Li Dian , burito resutoran, gurutenhuriLiao Li Dian , resutoran, sarada shiyotsupu, takosu resutoran, biganLiao Li Dian , bezitarianLiao Li Dian , wainba",4.4,139,〒152-0023 東京都目黒区八雲１丁目７−１６,"1-7-16 Yakumo 3-chome, Shibuya-ku, Tokyo 150-0001",35.6187124,139.6729176,https://cosicositokyo.amebaownd.com/pages/5007538/static
ChIJzTzpRKaPGGAR6W-xR0hnobQ,タコス屋BLAISE(ブレイズ),Taco Shop BLAISE,https://www.google.com/maps/place/%E3%82%BF%E3%82%B3%E3%82%B9%E5%B1%8BBLAISE%28%E3%83%96%E3%83%AC%E3%82%A4%E3%82%BA%29/data=!4m7!3m6!1s0x60188fa644e93ccd:0xb4a1674847b16fe9!8m2!3d35.7002449!4d139.7752422!16s%2Fg%2F11tdgdfq95!19sChIJzTzpRKaPGGAR6W-xR0hnobQ?authuser=0&hl=ja&rclk=1,takosu resutoran,"takosu resutoran, amerikaLiao Li Dian , kahueChi Cha , Chuang Zuo Liao Li Dian , hanbagaDian , kebabushiyotsupu, teikuauto, mekishikoLiao Li Dian ",4.3,127,〒101-0023 東京都千代田区神田松永町１７−５ 相沢ビル B1F,"17-5 Kanda Matsunagacho, Chiyoda-ku, Tokyo 101-0023 Aizawa Building B1F",35.7002449,139.7752422,https://blaise.page.link/LbNr
ChIJY4js-T-NGGAR2pVUzHfADjE,タコベル MIYASHITA PARK店,Taco Bell Miyashita Park Branch,https://www.google.com/maps/place/%E3%82%BF%E3%82%B3%E3%83%99%E3%83%AB+MIYASHITA+PARK%E5%BA%97/data=!4m7!3m6!1s0x60188d3ff9ec8863:0x310ec077cc5495da!8m2!3d35.6617368!4d139.7018622!16s%2Fg%2F11jm8d1pd6!19sChIJY4js-T-NGGAR2pVUzHfADjE?authuser=0&hl=ja&rclk=1,takosu resutoran,takosu resutoran,3.6,125,〒150-0002 東京都渋谷区神宮前６丁目２０−１０,"6-20-10 Jingumae, Shibuya-ku, Tokyo 150-0002",35.6617368,139.7018622,https://mitsui-shopping-park.com/urban/miyashita/store/1568851.html
ChIJy1QAYJSLGGARMgzMbUShaBU,PARA TACO パラタコ,PARA TACO,https://www.google.com/maps/place/PARA+TACO+%E3%83%91%E3%83%A9%E3%82%BF%E3%82%B3/data=!4m7!3m6!1s0x60188b94600054cb:0x1568a1446dcc0c32!8m2!3d35.6448942!4d139.6689933!16s%2Fg%2F11g0h8dgdg!19sChIJy1QAYJSLGGARMgzMbUShaBU?authuser=0&hl=ja&rclk=1,takosu resutoran,"takosu resutoran, bezitarianLiao Li Dian ",4.1,124,〒154-0004 東京都世田谷区太子堂４丁目１８−４ TSビル 1階,"1F TS Building, 4-18-4 Taishido, Setagaya-ku, Tokyo 154-0004",35.6448942,139.6689933,https://www.google.com/maps/contrib/106366629164688207439
ChIJgwbrUMRVGGARlLhj6LEnQsw,Taco Bell (Naval Base),Taco Bell (Naval Base),https://www.google.com/maps/place/Taco+Bell+%28Naval+Base%29/data=!4m7!3m6!1s0x601855c450eb0683:0xcc4227b1e863b894!8m2!3d35.4538572!4d139.4334833!16s%2Fg%2F11c5_v4rsx!19sChIJgwbrUMRVGGARlLhj6LEnQsw?authuser=0&hl=ja&rclk=1,takosu resutoran,takosu resutoran,3.7,108,〒252-1101 神奈川県綾瀬市深谷,"Fukaya, Ayase-shi, Kanagawa 252-1101",35.4538572,139.4334833,https://business.google.com/create?fp=14718370177261746324&hl=ja&authuser=0&gmbsrc=jp-ja-et-ip-z-gmb-s-z-l
ChIJZcLupYhQGGARP_RaIhx4dX8,ナパームタコス,Napalm Tacos,https://www.google.com/maps/place/%E3%83%8A%E3%83%91%E3%83%BC%E3%83%A0%E3%82%BF%E3%82%B3%E3%82%B9/data=!4m7!3m6!1s0x60185088a5eec265:0x7f75781c225af43f!8m2!3d35.406283!4d139.517447!16s%2Fg%2F1tgmw77r!19sChIJZcLupYhQGGARP_RaIhx4dX8?authuser=0&hl=ja&rclk=1,takosu resutoran,"takosu resutoran, sutekihausu",4.1,105,〒245-0014 神奈川県横浜市泉区中田南１丁目３−１４ ＮＡＰＡＬＭ,"245-0014 NAPALM 1-3-14 Nakata Minami, Izumi-ku, Yokohama, Kanagawa",35.406283,139.517447,http://napalmtacos.wixsite.com/napalm
ChIJ0y3_b4eLGGAR6q6oerLsBDo,Oxomoco,Oxomoco,https://www.google.com/maps/place/Oxomoco/data=!4m7!3m6!1s0x60188b876fff2dd3:0x3a04ecb27aa8aeea!8m2!3d35.6507701!4d139.721796!16s%2Fg%2F11jhsydvhj!19sChIJ0y3_b4eLGGAR6q6oerLsBDo?authuser=0&hl=ja&rclk=1,mekishikoLiao Li Dian ,mekishikoLiao Li Dian ,4.4,102,〒150-0012 東京都渋谷区広尾５丁目４−１６ １F EAT PLAY WORKS,"1F EAT PLAY WORKS 5-4-16 Hiroo, Shibuya-ku, Tokyo 150-0012",35.6507701,139.721796,http://salt-group.jp/shop/oxomoco/
ChIJZZDysnZAGGARP9bXmUaNb3g,マイクス横須賀店,Mike's Yokosuka Branch,https://www.google.com/maps/place/%E3%83%9E%E3%82%A4%E3%82%AF%E3%82%B9%E6%A8%AA%E9%A0%88%E8%B3%80%E5%BA%97/data=!4m7!3m6!1s0x60184076b2f29065:0x786f8d4699d7d63f!8m2!3d35.2820692!4d139.6648511!16s%2Fg%2F1tgk0lmf!19sChIJZZDysnZAGGARP9bXmUaNb3g?authuser=0&hl=ja&rclk=1,mekishikoLiao Li Dian ,mekishikoLiao Li Dian ,3.9,101,〒238-0041 神奈川県横須賀市本町２丁目５−２,"2-5-2 Honmachi, Yokosuka, Kanagawa 238-0041",35.2820692,139.6648511,http://mikes.jp/shopinfo08.html
ChIJ-XkT-9CNGGARZEll0RjhAgQ,クロニックタコス,Chronic Tacos,https://www.google.com/maps/place/%E3%82%AF%E3%83%AD%E3%83%8B%E3%83%83%E3%82%AF%E3%82%BF%E3%82%B3%E3%82%B9/data=!4m7!3m6!1s0x60188dd0fb1379f9:0x402e118d1654964!8m2!3d35.6874568!4d139.6995889!16s%2Fg%2F11h0367f5r!19sChIJ-XkT-9CNGGARZEll0RjhAgQ?authuser=0&hl=ja&rclk=1,mekishikoLiao Li Dian ,mekishikoLiao Li Dian ,2.8,95,〒151-0053 東京都渋谷区代々木２丁目７−２,"2-7-2 Yoyogi, Shibuya-ku, Tokyo 151-0053",35.6874568,139.6995889,https://foodhall-blast.jp/reservation/
ChIJpxLo5cb9GGARqrFzOFF9b_Q,TACOS GRACIOSO,TACOS GRACIOSO,https://www.google.com/maps/place/TACOS+GRACIOSO/data=!4m7!3m6!1s0x6018fdc6e5e812a7:0xf46f7d513873b1aa!8m2!3d35.5781674!4d139.3750442!16s%2Fg%2F11rz3nrh00!19sChIJpxLo5cb9GGARqrFzOFF9b_Q?authuser=0&hl=ja&rclk=1,mekishikoLiao Li Dian ,"mekishikoLiao Li Dian , Qing Shi Dian ",4.8,93,〒252-0231 神奈川県相模原市中央区相模原４丁目６−１０ 1階,"1F 4-6-10 Sagamihara, Chuo-ku, Sagamihara, Kanagawa 252-0231",35.5781674,139.3750442,https://www.instagram.com/tacos.gracioso_sagamihara
ChIJO8X7eceJGGARGSURRmKlDq8,Kitade Tacos COMMISSARY,Kitade Tacos COMMISSARY,https://www.google.com/maps/place/Kitade+Tacos+COMMISSARY/data=!4m7!3m6!1s0x601889c779fbc53b:0xaf0ea56246112519!8m2!3d35.6890585!4d139.7774361!16s%2Fg%2F11kzggvmmh!19sChIJO8X7eceJGGARGSURRmKlDq8?authuser=0&hl=ja&rclk=1,mekishikoLiao Li Dian ,mekishikoLiao Li Dian ,4.2,92,〒103-0023 東京都中央区日本橋本町３丁目１１−５,"3-11-5 Nihonbashi Honmachi, Chuo-ku, Tokyo 103-0023",35.6890585,139.7774361,https://www.kitadeshokudo.com/
ChIJUyEJ0GNhGGARO0JD9QL8j_c,エルタコス,El Tacos,https://www.google.com/maps/place/%E3%82%A8%E3%83%AB%E3%82%BF%E3%82%B3%E3%82%B9/data=!4m7!3m6!1s0x60186163d0092153:0xf78ffc02f543423b!8m2!3d35.525268!4d139.7020078!16s%2Fg%2F11nx17p8q4!19sChIJUyEJ0GNhGGARO0JD9QL8j_c?authuser=0&hl=ja&rclk=1,takosu resutoran,takosu resutoran,4.5,91,〒210-0014 神奈川県川崎市川崎区貝塚１丁目１０−１５ 田中マンション 102,"102 Tanaka Mansion 1-10-15 Kaizuka, Kawasaki-ku, Kawasaki, Kanagawa 210-0014",35.525268,139.7020078,https://www.hotpepper.jp/strJ003450777/yoyaku/?vos=othpporgzzzzx00000001
ChIJ08wLR0iLGGAROQ1Jg_dZVE8,Tokyo Tacos ChaChaCha,Tokyo Tacos ChaChaCha,https://www.google.com/maps/place/Tokyo+Tacos+ChaChaCha/data=!4m7!3m6!1s0x60188b48470bccd3:0x4f5459f783490d39!8m2!3d35.6531905!4d139.7287388!16s%2Fg%2F11m9mf2jk5!19sChIJ08wLR0iLGGAROQ1Jg_dZVE8?authuser=0&hl=ja&rclk=1,takosu resutoran,"takosu resutoran, ba, suitsuDian , mekishikoLiao Li Dian , mekishikantorutaLiao Li Dian ",4.7,89,〒106-0046 東京都港区元麻布２丁目８−１,"2-8-1 Motoazabu, Minato-ku, Tokyo 106-0046",35.6531905,139.7287388,https://www.instagram.com/chachacha_tacos/
ChIJY8mKAeiLGGAR2tth7KRqlvE,TACO RiCO Azabu-juban タコリッコ麻布十番店,TACO RiCO Azabu-juban,https://www.google.com/maps/place/TACO+RiCO+Azabu-juban+%E3%82%BF%E3%82%B3%E3%83%AA%E3%83%83%E3%82%B3%E9%BA%BB%E5%B8%83%E5%8D%81%E7%95%AA%E5%BA%97/data=!4m7!3m6!1s0x60188be8018ac963:0xf1966aa4ec61dbda!8m2!3d35.656642!4d139.733569!16s%2Fg%2F11qbbqkfnt!19sChIJY8mKAeiLGGAR2tth7KRqlvE?authuser=0&hl=ja&rclk=1,mekishikoLiao Li Dian ,mekishikoLiao Li Dian ,4.2,87,,,35.656642,139.733569,https://tacorico.jp/menu.html
ChIJXVtXAQJBGGARnNmdKVbolv8,TEX-MEX STAND Jalapeños,TEX-MEX STAND Jalapeños,https://www.google.com/maps/place/TEX-MEX+STAND+Jalape%C3%B1os/data=!4m7!3m6!1s0x6018410201575b5d:0xff96e856299dd99c!8m2!3d35.2802269!4d139.6703291!16s%2Fg%2F11sbhhdk1r!19sChIJXVtXAQJBGGARnNmdKVbolv8?authuser=0&hl=ja&rclk=1,mekishikoLiao Li Dian ,mekishikoLiao Li Dian ,4.5,87,〒238-0007 神奈川県横須賀市若松町１丁目３−１,"238-0007 1-3-1 Wakamatsucho, Yokosuka, Kanagawa",35.2802269,139.6703291,https://www.instagram.com/texmex__jalapenos/
ChIJ2-E-NYuLGGARktU4m1Av4cI,Molé TAQUERIA Y BAR,Molé TAQUERIA Y BAR,https://www.google.com/maps/place/Mol%C3%A9+TAQUERIA+Y+BAR/data=!4m7!3m6!1s0x60188b8b353ee1db:0xc2e12f509b38d592!8m2!3d35.6826403!4d139.7643358!16s%2Fg%2F11kj7gwgp6!19sChIJ2-E-NYuLGGARktU4m1Av4cI?authuser=0&hl=ja&rclk=1,mekishikoLiao Li Dian ,"mekishikoLiao Li Dian , ba, resutoran, takosu resutoran, tetsukusumetsukusuLiao Li Dian (amerika)",3.8,84,〒100-6507 東京都千代田区丸の内１丁目５−１ 丸の内ハウス 新丸の内ビル 7F,"7F, Marunouchi House Shin-Marunouchi Building, 1-5-1 Marunouchi, Chiyoda-ku, Tokyo 100-6507",35.6826403,139.7643358,https://www.tablecheck.com/shops/mole-marunouchi/reserve?utm_source=google
ChIJF4F0IYv1GGARVAnl7d0kL0c,TACOS Shop IKEJIRI,TACOS Shop IKEJIRI,https://www.google.com/maps/place/TACOS+Shop+IKEJIRI/data=!4m7!3m6!1s0x6018f58b21748117:0x472f24ddede50954!8m2!3d35.6497135!4d139.6831921!16s%2Fg%2F11lkhcw9sw!19sChIJF4F0IYv1GGARVAnl7d0kL0c?authuser=0&hl=ja&rclk=1,takosu resutoran,takosu resutoran,4,80,〒154-0001 東京都世田谷区池尻２丁目３１−１７,"31-17 Ikejiri 2-chome, Setagaya-ku, Tokyo 154-0001",35.6497135,139.6831921,https://www.instagram.com/tacosshop_ikejiri/
ChIJd0GDVduMGGARhrgOCrDB_cc,Rainbow Burritos Doumo,Rainbow Burritos Doumo,https://www.google.com/maps/place/Rainbow+Burritos+Doumo/data=!4m7!3m6!1s0x60188cdb55834177:0xc7fdc1b00a0eb886!8m2!3d35.6898125!4d139.7064103!16s%2Fg%2F11bw1z_sp0!19sChIJd0GDVduMGGARhrgOCrDB_cc?authuser=0&hl=ja&rclk=1,burito resutoran,burito resutoran,4,76,〒160-0022 東京都新宿区新宿３丁目１−３２ 新宿ビル 303,"303 Shinjuku Building, 1-32 Shinjuku 3-chome, Shinjuku-ku, Tokyo 160-0022",35.6898125,139.7064103,https://twitter.com/DOUMO811
ChIJnVQbC7CLGGAR0gXUhTm7Nrw,タコリッコ東京ミッドタウン店,TACO RiCO Tokyo Midtown,https://www.google.com/maps/place/%E3%82%BF%E3%82%B3%E3%83%AA%E3%83%83%E3%82%B3%E6%9D%B1%E4%BA%AC%E3%83%9F%E3%83%83%E3%83%89%E3%82%BF%E3%82%A6%E3%83%B3%E5%BA%97/data=!4m7!3m6!1s0x60188bb00b1b549d:0xbc36bb3985d405d2!8m2!3d35.6656469!4d139.7306928!16s%2Fg%2F11pq2bbh_9!19sChIJnVQbC7CLGGAR0gXUhTm7Nrw?authuser=0&hl=ja&rclk=1,takosu resutoran,takosu resutoran,3.9,70,〒107-0052 東京都港区赤坂９丁目７−３ 東京ミッドタウン ガレリア B1F,"B1F Tokyo Midtown Galleria, 9-7-3 Akasaka, Minato-ku, Tokyo 107-0052",35.6656469,139.7306928,https://tacorico.jp/
ChIJvU0mz9TyGGARVedw63UtlhE,4649.タコライス,4649. Taco Rice,https://www.google.com/maps/place/4649.%E3%82%BF%E3%82%B3%E3%83%A9%E3%82%A4%E3%82%B9/data=!4m7!3m6!1s0x6018f2d4cf264dbd:0x11962d75eb70e755!8m2!3d35.6953145!4d139.6906253!16s%2Fg%2F1tf7gq65!19sChIJvU0mz9TyGGARVedw63UtlhE?authuser=0&hl=ja&rclk=1,resutoran,resutoran,3.8,69,〒160-0023 東京都新宿区西新宿８丁目１９−１,"19-1 Nishi-Shinjuku 8-chome, Shinjuku-ku, Tokyo 160-0023",35.6953145,139.6906253,https://support.google.com/contributionpolicy/answer/7400114?ref_topic=7422769
ChIJWxvImciNGGARqvaKSsjK2k8,TAKOBAR,TAKOBAR,https://www.google.com/maps/place/TAKOBAR/data=!4m7!3m6!1s0x60188dc899c81b5b:0x4fdacac84a8af6aa!8m2!3d35.6620475!4d139.6989913!16s%2Fg%2F11j7j1vpww!19sChIJWxvImciNGGARqvaKSsjK2k8?authuser=0&hl=ja&rclk=1,mekishikoLiao Li Dian ,mekishikoLiao Li Dian ,4.1,61,〒150-0042 東京都渋谷区宇田川町１５−１ 渋谷PARCO 10F,"10F Shibuya PARCO, 15-1 Udagawacho, Shibuya-ku, Tokyo 150-0042",35.6620475,139.6989913,https://takobar.life/
ChIJPVAHVJVdGGARzasUu2-BEBI,Deli＆Restaurant Bar Maachin,Deli & Restaurant Bar Maachin,https://www.google.com/maps/place/Deli%EF%BC%86Restaurant+Bar+Maachin/data=!4m7!3m6!1s0x60185d955407503d:0x1210816fbb14abcd!8m2!3d35.4434488!4d139.6488101!16s%2Fg%2F11t7tqtwg6!19sChIJPVAHVJVdGGARzasUu2-BEBI?authuser=0&hl=ja&rclk=1,resutoran,resutoran,4.2,61,〒231-0023 神奈川県横浜市中区山下町８２ 徳永ビル 1F,"1F Tokunaga Building, 82 Yamashitacho, Naka-ku, Yokohama, Kanagawa 231-0023",35.4434488,139.6488101,https://www.instagram.com/maachin.2022/
ChIJdRlTV6VPGGARVTd7-ZN27-w,TACOS SHOP PARA MEXICO,TACOS SHOP PARA MEXICO,https://www.google.com/maps/place/TACOS+SHOP+PARA+MEXICO/data=!4m7!3m6!1s0x60184fa557531975:0xecef7693f97b3755!8m2!3d35.3201461!4d139.4710167!16s%2Fg%2F11t5tdp_dg!19sChIJdRlTV6VPGGARVTd7-ZN27-w?authuser=0&hl=ja&rclk=1,mekishikoLiao Li Dian ,mekishikoLiao Li Dian ,4.4,59,〒251-0037 神奈川県藤沢市鵠沼海岸２丁目３−９ 関根ビル 2F,"251-0037 Sekine Building 2F, 2-3-9 Kugenuma Kaigan, Fujisawa City, Kanagawa Prefecture",35.3201461,139.4710167,https://www.hotpepper.jp/strJ003473031/
ChIJMWDlb8KLGGARsecNIuqzXo0,TACO RiCO Atago タコリッコ 愛宕グリーンヒルズ店,TACO RiCO Atago,https://www.google.com/maps/place/TACO+RiCO+Atago+%E3%82%BF%E3%82%B3%E3%83%AA%E3%83%83%E3%82%B3+%E6%84%9B%E5%AE%95%E3%82%B0%E3%83%AA%E3%83%BC%E3%83%B3%E3%83%92%E3%83%AB%E3%82%BA%E5%BA%97/data=!4m7!3m6!1s0x60188bc26fe56031:0x8d5eb3ea220de7b1!8m2!3d35.6619838!4d139.7490808!16s%2Fg%2F11gtz9zjs3!19sChIJMWDlb8KLGGARsecNIuqzXo0?authuser=0&hl=ja&rclk=1,takosu resutoran,"takosu resutoran, burito resutoran, mekishikoLiao Li Dian , resutoran, sarada shiyotsupu",4.1,57,〒105-0002 東京都港区愛宕２丁目５−１ グリーンヒルズMORIタワ １F,"1F, Green Hills Mori Tower 1F, 2-5-1 Atago, Minato Ward, Tokyo 105-0002",35.6619838,139.7490808,http://www.tacorico.jp/index.html
ChIJP9OUo-ulGWARik_c001PoRg,アロハ タコス,Aloha Tacos,https://www.google.com/maps/place/%E3%82%A2%E3%83%AD%E3%83%8F+%E3%82%BF%E3%82%B3%E3%82%B9/data=!4m7!3m6!1s0x6019a5eba394d33f:0x18a14f4dd3dc4f8a!8m2!3d35.2892035!4d139.186407!16s%2Fg%2F11ckqr6_v3!19sChIJP9OUo-ulGWARik_c001PoRg?authuser=0&hl=ja&rclk=1,resutoran,resutoran,4.1,56,〒250-0216 神奈川県小田原市高田,"Takada, Odawara City, Kanagawa Prefecture 250-0216",35.2892035,139.186407,https://business.google.com/create?fp=1774786923846193034&hl=ja&authuser=0&gmbsrc=jp-ja-et-ip-z-gmb-s-z-l
ChIJr6M_-H3hGGARRwbpRdTshPU,Taco Wasa Tokyo Tacos,Taco Wasa Tokyo Tacos,https://www.google.com/maps/place/Taco+Wasa+Tokyo+Tacos/data=!4m7!3m6!1s0x6018e17df83fa3af:0xf584ecd445e90647!8m2!3d35.6993287!4d139.4163029!16s%2Fg%2F11rkj0vpzg!19sChIJr6M_-H3hGGARRwbpRdTshPU?authuser=0&hl=ja&rclk=1,mekishikoLiao Li Dian ,"mekishikoLiao Li Dian , ba&guriru, takosu resutoran",4.4,53,〒190-0012 東京都立川市曙町２丁目１６−１ GALERA TACHIKAWA,"GALERA TACHIKAWA 2-16-1 Akebonocho, Tachikawa City, Tokyo 190-0012",35.6993287,139.4163029,https://tachikawa.mypl.net/shop/00000368479/
ChIJB-Gajo2NGGARUI7vnzeYCgA,kitade tacos 代々木店,Kitade Tacos Yoyogi,https://www.google.com/maps/place/kitade+tacos+%E4%BB%A3%E3%80%85%E6%9C%A8%E5%BA%97/data=!4m7!3m6!1s0x60188d8d8e9ae107:0xa98379fef8e50!8m2!3d35.682704!4d139.6996701!16s%2Fg%2F11vkkjv52t!19sChIJB-Gajo2NGGARUI7vnzeYCgA?authuser=0&hl=ja&rclk=1,mekishikoLiao Li Dian ,mekishikoLiao Li Dian ,4.4,50,〒151-0053 東京都渋谷区代々木１丁目４１−１２,"1-41-12 Yoyogi, Shibuya Ward, Tokyo 151-0053",35.682704,139.6996701,https://tabelog.com/tokyo/A1304/A130403/13291861/?cid=google_yoyaku
ChIJi0RD3AQfGWAR07oBr1HXCMg,TACOSUAVE,TACOSUAVE,https://www.google.com/maps/place/TACOSUAVE/data=!4m7!3m6!1s0x60191f04dc43448b:0xc808d751af01bad3!8m2!3d35.6612403!4d139.333544!16s%2Fg%2F11pcwth87k!19sChIJi0RD3AQfGWAR07oBr1HXCMg?authuser=0&hl=ja&rclk=1,mekishikoLiao Li Dian ,"mekishikoLiao Li Dian , takosu resutoran",4.7,47,〒192-0066 東京都八王子市本町１２−１４,"12-14 Honcho, Hachioji City, Tokyo 192-0066",35.6612403,139.333544,https://instagram.com/tacosuave_taqueria_abefusai?igshid=OGQ5ZDc2ODk2ZA==
ChIJ4WoRVn75GGARpO5qHMNtBWA,EL REY AMIGO/ANNEX 仲見世商店街店,EL REY AMIGO/ANNEX Nakamise Shopping Arcade,https://www.google.com/maps/place/EL+REY+AMIGO%2FANNEX+%E4%BB%B2%E8%A6%8B%E4%B8%96%E5%95%86%E5%BA%97%E8%A1%97%E5%BA%97/data=!4m7!3m6!1s0x6018f97e56116ae1:0x60056dc31c6aeea4!8m2!3d35.5415953!4d139.4486643!16s%2Fg%2F11rfpbznsb!19sChIJ4WoRVn75GGARpO5qHMNtBWA?authuser=0&hl=ja&rclk=1,mekishikoLiao Li Dian ,mekishikoLiao Li Dian ,4.1,46,〒194-0013 東京都町田市原町田４丁目５−１８,"4-5-18 Haramachida, Machida City, Tokyo 194-0013",35.5415953,139.4486643,https://twitter.com/elreyamigo888/status/1445584878393708544
ChIJ12vWyvlBGGARGche19HH8k4,TACOS TACOS (タコス タコス),TACOS TACOS,https://www.google.com/maps/place/TACOS+TACOS+%28%E3%82%BF%E3%82%B3%E3%82%B9+%E3%82%BF%E3%82%B3%E3%82%B9%29/data=!4m7!3m6!1s0x601841f9cad66bd7:0x4ef2c7d1d75ec819!8m2!3d35.2797901!4d139.6618442!16s%2Fg%2F11s434lm_z!19sChIJ12vWyvlBGGARGche19HH8k4?authuser=0&hl=ja&rclk=1,mekishikoLiao Li Dian ,mekishikoLiao Li Dian ,3.8,44,〒238-0042 神奈川県横須賀市汐入町２丁目３３,"2-33 Shioiricho, Yokosuka City, Kanagawa Prefecture 238-0042",35.2797901,139.6618442,https://support.google.com/contributionpolicy/answer/7400114?ref_topic=7422769
ChIJj6quRxgdGWARtu7FW4GXWm4,MEXICAN DINING BONOS （メキシカンダイニングボノス）橋本,MEXICAN DINING BONOS Hashimoto,https://www.google.com/maps/place/MEXICAN+DINING+BONOS+%EF%BC%88%E3%83%A1%E3%82%AD%E3%82%B7%E3%82%AB%E3%83%B3%E3%83%80%E3%82%A4%E3%83%8B%E3%83%B3%E3%82%B0%E3%83%9C%E3%83%8E%E3%82%B9%EF%BC%89%E6%A9%8B%E6%9C%AC/data=!4m7!3m6!1s0x60191d1847aeaa8f:0x6e5a97815bc5eeb6!8m2!3d35.597018!4d139.3442657!16s%2Fg%2F11h37y0lz7!19sChIJj6quRxgdGWARtu7FW4GXWm4?authuser=0&hl=ja&rclk=1,ba&guriru,ba&guriru,4.3,43,〒252-0143 神奈川県相模原市緑区橋本６丁目１２−１５ S・G-BLD Vol.5 103号室,"6-12-15 Hashimoto, Midori Ward, Sagamihara City, Kanagawa Prefecture 252-0143 S・G-BLD Vol.5 Room 103",35.597018,139.3442657,https://www.hotpepper.jp/strJ001192654/food/
ChIJ9diXxmBdGGARBo63qStkEOg,withPADDY yokohama ウィズパディヨコハマ,withPADDY yokohama With Paddy Yokohama,https://www.google.com/maps/place/withPADDY+yokohama+%E3%82%A6%E3%82%A3%E3%82%BA%E3%83%91%E3%83%87%E3%82%A3%E3%83%A8%E3%82%B3%E3%83%8F%E3%83%9E/data=!4m7!3m6!1s0x60185d60c697d8f5:0xe810642ba9b78e06!8m2!3d35.442453!4d139.6364622!16s%2Fg%2F11sqpcpvpt!19sChIJ9diXxmBdGGARBo63qStkEOg?authuser=0&hl=ja&rclk=1,huasuto hudoDian ,"huasuto hudoDian , tetsukusumetsukusuLiao Li Dian (amerika)",4.6,42,〒231-0032 神奈川県横浜市中区不老町１丁目４−１１ ガレリア不老町 1階A,"1-4-11 Furo-cho, Naka-ku, Yokohama, Kanagawa 231-0032 1F A, Galleria Furo-cho",35.442453,139.6364622,https://support.google.com/contributionpolicy/answer/7400114?ref_topic=7422769
ChIJJbPS3hzzGGAROkARrpYszxk,"タジマタコス 東高円寺 蚕糸の森公園前 | Tajima Tacos, Higashi Koenji, Sanshinomori Park","Tajima Tacos, Higashi Koenji, Sanshinomori Park","https://www.google.com/maps/place/%E3%82%BF%E3%82%B8%E3%83%9E%E3%82%BF%E3%82%B3%E3%82%B9+%E6%9D%B1%E9%AB%98%E5%86%86%E5%AF%BA+%E8%9A%95%E7%B3%B8%E3%81%AE%E6%A3%AE%E5%85%AC%E5%9C%92%E5%89%8D+%7C+Tajima+Tacos,+Higashi+Koenji,+Sanshinomori+Park/data=!4m7!3m6!1s0x6018f31cded2b325:0x19cf2c96ae11403a!8m2!3d35.6961985!4d139.6571223!16s%2Fg%2F11s33531fv!19sChIJJbPS3hzzGGAROkARrpYszxk?authuser=0&hl=ja&rclk=1",takosu resutoran,"takosu resutoran, Li Shi Xing Shi noYin Shi Dian ",4.7,36,〒166-0012 東京都杉並区和田３丁目５０−９,"3-50-9 Wada, Suginami-ku, Tokyo 166-0012",35.6961985,139.6571223,https://www.ubereats.com/jp/store/tajima-tacos/U58m9033WTy7iYfHAuMkpw
ChIJpXCo7kmLGGARgTgfdgDklD0,みよし屋,Miyoshiya,https://www.google.com/maps/place/%E3%81%BF%E3%82%88%E3%81%97%E5%B1%8B/data=!4m7!3m6!1s0x60188b49eea870a5:0x3d94e400761f3881!8m2!3d35.6064187!4d139.7085578!16s%2Fg%2F11kk7ldm33!19sChIJpXCo7kmLGGARgTgfdgDklD0?authuser=0&hl=ja&rclk=1,mekishikoLiao Li Dian ,mekishikoLiao Li Dian ,4.3,35,〒142-0054 東京都品川区西中延３丁目１５−７ みよしや,"3-15-7 Nishinakanobu, Shinagawa-ku, Tokyo 142-0054 Miyoshiya",35.6064187,139.7085578,https://tabelog.com/tokyo/A1317/A131712/13285172/?cid=google_yoyaku
ChIJGZX7G8rzGGARMVtLwqX_u3c,Peltre y Barro ペルトゥレイバーロ,Peltre y Barro,https://www.google.com/maps/place/Peltre+y+Barro+%E3%83%9A%E3%83%AB%E3%83%88%E3%82%A5%E3%83%AC%E3%82%A4%E3%83%90%E3%83%BC%E3%83%AD/data=!4m7!3m6!1s0x6018f3ca1bfb9519:0x77bbffa5c24b5b31!8m2!3d35.6542719!4d139.6614876!16s%2Fg%2F11hdz70qqz!19sChIJGZX7G8rzGGARMVtLwqX_u3c?authuser=0&hl=ja&rclk=1,resutoran,"resutoran, mekishikoLiao Li Dian ",4.7,34,〒155-0033 東京都世田谷区代田１丁目４０−１,"1-40-1 Daita, Setagaya-ku, Tokyo 155-0033",35.6542719,139.6614876,https://peltre-y-barro.business.site/?m=true
ChIJmfuVJiuLGGAR1g4nyKpZRTc,440 Broadway Taco Truck,440 Broadway Taco Truck,https://www.google.com/maps/place/440+Broadway+Taco+Truck/data=!4m7!3m6!1s0x60188b2b2695fb99:0x374559aac8270ed6!8m2!3d35.6512988!4d139.7240127!16s%2Fg%2F11g0tsnzsz!19sChIJmfuVJiuLGGAR1g4nyKpZRTc?authuser=0&hl=ja&rclk=1,huasuto hudoDian ,huasuto hudoDian ,4.9,32,〒106-0047 東京都港区南麻布４丁目５−２ ナショナル麻布スーパーマーケット 3階,"4-5-2 Minami-Azabu, Minato-ku, Tokyo 106-0047 3F National Azabu Supermarket",35.6512988,139.7240127,https://www.440broadway.com/
ChIJ20fZjJn1GGARKibZTyvLl48,Locano's,Locano's,https://www.google.com/maps/place/Locano%27s/data=!4m7!3m6!1s0x6018f5998cd947db:0x8f97cb2b4fd9262a!8m2!3d35.5733791!4d139.6583262!16s%2Fg%2F11r2r3bt1c!19sChIJ20fZjJn1GGARKibZTyvLl48?authuser=0&hl=ja&rclk=1,mekishikoLiao Li Dian ,mekishikoLiao Li Dian ,4.5,28,〒211-0016 神奈川県川崎市中原区小杉町３丁目４４２−３,"3-442-3 Kosugi-cho, Nakahara-ku, Kawasaki, Kanagawa 211-0016",35.5733791,139.6583262,https://www.facebook.com/locanos/
ChIJb7qsUqdBGGARcjfPXEN-QuA,GRAN AZTECAS YOKOSUKA,GRAN AZTECAS YOKOSUKA,https://www.google.com/maps/place/GRAN+AZTECAS+YOKOSUKA/data=!4m7!3m6!1s0x601841a752acba6f:0xe0427e435ccf3772!8m2!3d35.2807358!4d139.6689259!16s%2Fg%2F11frjj2m3b!19sChIJb7qsUqdBGGARcjfPXEN-QuA?authuser=0&hl=ja&rclk=1,mekishikoLiao Li Dian ,mekishikoLiao Li Dian ,3.8,28,,,35.2807358,139.6689259,https://retty.me/area/PRE14/ARE40/SUB4001/100001691777/
ChIJk5STEeX1GGARbrPCUXyvq0o,PACO（パコ）,PACO,https://www.google.com/maps/place/PACO%EF%BC%88%E3%83%91%E3%82%B3%EF%BC%89/data=!4m7!3m6!1s0x6018f5e511939493:0x4aabaf7c51c2b36e!8m2!3d35.6320451!4d139.6866926!16s%2Fg%2F11sm_s_fp8!19sChIJk5STEeX1GGARbrPCUXyvq0o?authuser=0&hl=ja&rclk=1,takosu resutoran,"takosu resutoran, ba",4.4,27,〒152-0001 東京都目黒区中央町２丁目３６−１０ カーササンブラーノ 1F,"1F Casa Zambrano, 2-36-10 Chuo-cho, Meguro-ku, Tokyo 152-0001",35.6320451,139.6866926,https://www.instagram.com/paco_tacos_gakudai/
ChIJ31n71emJGGARcWfnqm3pOrQ,kitade tacos & sake,kitade tacos & sake,https://www.google.com/maps/place/kitade+tacos+%26+sake/data=!4m7!3m6!1s0x601889e9d5fb59df:0xb43ae96daae76771!8m2!3d35.6860767!4d139.7822022!16s%2Fg%2F11sw11htq5!19sChIJ31n71emJGGARcWfnqm3pOrQ?authuser=0&hl=ja&rclk=1,mekishikoLiao Li Dian ,mekishikoLiao Li Dian ,3.8,27,〒103-0013 東京都中央区日本橋人形町１丁目１９−５ エムズクロス人形町 2F 204,"103-0013 204 M's Cross Ningyocho 2F 1-19-5 Nihonbashi Ningyocho, Chuo-ku, Tokyo",35.6860767,139.7822022,https://www.kitadeshokudo.com/
ChIJWWUL3FFdGGAR0MicS3m_1a0,CHAPMAN TACOS,CHAPMAN TACOS,https://www.google.com/maps/place/CHAPMAN+TACOS/data=!4m7!3m6!1s0x60185d51dc0b6559:0xadd5bf794b9cc8d0!8m2!3d35.4394706!4d139.6251567!16s%2Fg%2F11kq6shx87!19sChIJWWUL3FFdGGAR0MicS3m_1a0?authuser=0&hl=ja&rclk=1,mekishikoLiao Li Dian ,mekishikoLiao Li Dian ,4.8,26,〒231-0055 神奈川県横浜市中区末吉町３丁目５８−５,"58-5 Sueyoshicho 3-chome, Naka-ku, Yokohama, Kanagawa 231-0055",35.4394706,139.6251567,https://tabelog.com/kanagawa/A1401/A140306/14091975/?cid=google_yoyaku
ChIJJ3iTuCCLGGARvhAv12AG4fI,maison tacos,maison tacos,https://www.google.com/maps/place/maison+tacos/data=!4m7!3m6!1s0x60188b20b8937827:0xf2e10660d72f10be!8m2!3d35.6534559!4d139.6988222!16s%2Fg%2F11l76r4f8h!19sChIJJ3iTuCCLGGARvhAv12AG4fI?authuser=0&hl=ja&rclk=1,mekishikoLiao Li Dian ,mekishikoLiao Li Dian ,4.9,23,〒150-0035 東京都渋谷区鉢山町１−７,"1-7 Hachiyamacho, Shibuya-ku, Tokyo 150-0035",35.6534559,139.6988222,https://www.instagram.com/maison_tacos?igsh=MWt6eHkwa3duc2pocQ%3D%3D&utm_source=qr
ChIJxa2-GgCLGGARv1gBLhtBSAU,キタデタコス,Kitade Tacos,https://www.google.com/maps/place/%E3%82%AD%E3%82%BF%E3%83%87%E3%82%BF%E3%82%B3%E3%82%B9/data=!4m7!3m6!1s0x60188b001abeadc5:0x548411b2e0158bf!8m2!3d35.6224298!4d139.721973!16s%2Fg%2F11vz7c6ylg!19sChIJxa2-GgCLGGARv1gBLhtBSAU?authuser=0&hl=ja&rclk=1,takosu resutoran,takosu resutoran,3.7,22,〒141-0031 東京都品川区西五反田８丁目４−１３,"4-13 Nishigotanda 8-chome, Shinagawa-ku, Tokyo 141-0031",35.6224298,139.721973,https://www.kitadeshokudo.com/
ChIJk3gj9E2NGGAReMCDe2yhjBc,もっちタコス,Mochi Tacos,https://www.google.com/maps/place/%E3%82%82%E3%81%A3%E3%81%A1%E3%82%BF%E3%82%B3%E3%82%B9/data=!4m7!3m6!1s0x60188d4df4237893:0x178ca16c7b83c078!8m2!3d35.6601015!4d139.6987315!16s%2Fg%2F11txtysp97!19sChIJk3gj9E2NGGAReMCDe2yhjBc?authuser=0&hl=ja&rclk=1,mekishikoLiao Li Dian ,mekishikoLiao Li Dian ,4.8,20,〒150-0042 東京都渋谷区宇田川町２６,"26 Udagawacho, Shibuya-ku, Tokyo 150-0042",35.6601015,139.6987315,https://business.google.com/create?fp=1696908646912606328&hl=ja&authuser=0&gmbsrc=jp-ja-et-ip-z-gmb-s-z-l
ChIJd9AXgVWLGGAR9h0w-PkWMlo,タコスと日本ワイン こばこ,Tacos and Japanese Wine Kobako,https://www.google.com/maps/place/%E3%82%BF%E3%82%B3%E3%82%B9%E3%81%A8%E6%97%A5%E6%9C%AC%E3%83%AF%E3%82%A4%E3%83%B3+%E3%81%93%E3%81%B0%E3%81%93/data=!4m7!3m6!1s0x60188b558117d077:0x5a3216f9f8301df6!8m2!3d35.6694882!4d139.7649463!16s%2Fg%2F11ks6k0mzj!19sChIJd9AXgVWLGGAR9h0w-PkWMlo?authuser=0&hl=ja&rclk=1,takosu resutoran,"takosu resutoran, ba, kareDian , wainba",4.5,15,〒104-0061 東京都中央区銀座６丁目１２−１７ 錦光ビル １階,"1F Kinko Building 12-17 Ginza 6-chome, Chuo-ku, Tokyo 104-0061",35.6694882,139.7649463,https://instagram.com/kobako06?igshid=MzRlODBiNWFlZA==
ChIJMR9lNyPzGGARPD_MVrfl_mg,ペロスペラス,Peros Pelazus,https://www.google.com/maps/place/%E3%83%9A%E3%83%AD%E3%82%B9%E3%83%9A%E3%83%A9%E3%82%B9/data=!4m7!3m6!1s0x6018f32337651f31:0x68fee5b756cc3f3c!8m2!3d35.6699364!4d139.6857975!16s%2Fg%2F11sszc8n9g!19sChIJMR9lNyPzGGARPD_MVrfl_mg?authuser=0&hl=ja&rclk=1,mekishikoLiao Li Dian ,mekishikoLiao Li Dian ,4.9,14,〒151-0062 東京都渋谷区元代々木町９−６ ＴＯＰＣＯＵＲＴ２,"TOPCOURT2 9-6 Motoyoyogicho, Shibuya-ku, Tokyo 151-0062",35.6699364,139.6857975,https://tabelog.com/tokyo/A1318/A131810/13284593/?cid=google_yoyaku
ChIJE0b2luqLGGARk15oX_h4GRI,Los Tacos Azules (Ebisu),Los Tacos Azules (Ebisu),https://www.google.com/maps/place/Los+Tacos+Azules+%28Ebisu%29/data=!4m7!3m6!1s0x60188bea96f64613:0x121978f85f685e93!8m2!3d35.650415!4d139.7071529!16s%2Fg%2F11ksl0rl6w!19sChIJE0b2luqLGGARk15oX_h4GRI?authuser=0&hl=ja&rclk=1,takosu resutoran,"takosu resutoran, Zhong Nan Mi Liao Li resutoran, mekishikoLiao Li Dian ",4.5,13,,,35.650415,139.7071529,https://www.lostacosazules.jp/en/menu
ChIJTUMJMwBbGGARzh3gUELwNIU,CRAZY TACOS,CRAZY TACOS,https://www.google.com/maps/place/CRAZY+TACOS/data=!4m7!3m6!1s0x60185b003309434d:0x8534f04250e01dce!8m2!3d35.425999!4d139.5956234!16s%2Fg%2F11vwsr0gbn!19sChIJTUMJMwBbGGARzh3gUELwNIU?authuser=0&hl=ja&rclk=1,takosu resutoran,takosu resutoran,5,11,〒232-0066 神奈川県横浜市南区六ツ川１丁目39−３,"39-3 Mutsugawa 1-chome, Minami-ku, Yokohama, Kanagawa 232-0066",35.425999,139.5956234,https://support.google.com/contributionpolicy/answer/7400114?ref_topic=7422769
ChIJdSYvT1xOGGARSjPJesNrAkc,タコスマイル湘南鵠沼海岸店,Tacos Smile Shonan Kugenuma Kaigan,https://www.google.com/maps/place/%E3%82%BF%E3%82%B3%E3%82%B9%E3%83%9E%E3%82%A4%E3%83%AB%E6%B9%98%E5%8D%97%E9%B5%A0%E6%B2%BC%E6%B5%B7%E5%B2%B8%E5%BA%97/data=!4m7!3m6!1s0x60184e5c4f2f2675:0x47026bc37ac9334a!8m2!3d35.315694!4d139.469982!16s%2Fg%2F11c1vnynsq!19sChIJdSYvT1xOGGARSjPJesNrAkc?authuser=0&hl=ja&rclk=1,kahueChi Cha ,"kahueChi Cha , resutoran",4.2,11,〒251-0037 神奈川県藤沢市鵠沼海岸１丁目１７−３ 湘南海岸公園サーフビレッジ,"17-3 Kugenuma Kaigan 1-chome, Fujisawa, Kanagawa 251-0037 Shonan Beach Park Surf Village",35.315694,139.469982,https://www.facebook.com/tacosmileshonan/posts/pfbid035mTTnoTB3Kp39Tcx9GHYGr7A2Y1cBCrLjJinpUbT5BePAZWB5iefi3BsJeBWne9Fl
ChIJrd6L9auJGGARHc5EUs766cA,FRIJOLES フリホーレス日本橋室町YUITO,FRIJOLES Nihonbashi Muromachi YUITO,https://www.google.com/maps/place/FRIJOLES+%E3%83%95%E3%83%AA%E3%83%9B%E3%83%BC%E3%83%AC%E3%82%B9%E6%97%A5%E6%9C%AC%E6%A9%8B%E5%AE%A4%E7%94%BAYUITO/data=!4m7!3m6!1s0x601889abf58bdead:0xc0e9face5244ce1d!8m2!3d35.687305!4d139.7739393!16s%2Fg%2F11vyqj7pqh!19sChIJrd6L9auJGGARHc5EUs766cA?authuser=0&hl=ja&rclk=1,tetsukusumetsukusuLiao Li Dian (amerika),"tetsukusumetsukusuLiao Li Dian (amerika), burito resutoran, mekishikoLiao Li Dian , sarada shiyotsupu",3.8,11,〒103-0022 東京都中央区日本橋室町２丁目４−３ 日本橋室町野村ビル B1階,"2-4-3 Nihonbashi Muromachi Nomura Building B1F, Chuo-ku, Tokyo 103-0022",35.687305,139.7739393,https://frijoles.jp/menu.html
ChIJ0UmE_k6LGGARmgAdoQNU4_s,LA OTACO,LA OTACO,https://www.google.com/maps/place/LA+OTACO/data=!4m7!3m6!1s0x60188b4efe8449d1:0xfbe35403a11d009a!8m2!3d35.6268938!4d139.7332597!16s%2Fg%2F11qbkpp3db!19sChIJ0UmE_k6LGGARmgAdoQNU4_s?authuser=0&hl=ja&rclk=1,takosu resutoran,takosu resutoran,4.6,10,〒108-0074 東京都港区高輪４丁目１３−７,"4-13-7 Takanawa, Minato-ku, Tokyo 108-0074",35.6268938,139.7332597,https://instagram.com/laotaco2022?igshid=YmMyMTA2M2Y=
ChIJTd2WOgyLGGARahzD-4MJdYY,TACOS mi Casa タコス ミカーサ 日比谷フォートタワ 一店,TACOS mi Casa Hibiya Fort Tower One Store,https://www.google.com/maps/place/TACOS+mi+Casa+%E3%82%BF%E3%82%B3%E3%82%B9+%E3%83%9F%E3%82%AB%E3%83%BC%E3%82%B5+%E6%97%A5%E6%AF%94%E8%B0%B7%E3%83%95%E3%82%A9%E3%83%BC%E3%83%88%E3%82%BF%E3%83%AF+%E4%B8%80%E5%BA%97/data=!4m7!3m6!1s0x60188b0c3a96dd4d:0x86750983fbc31c6a!8m2!3d35.6699488!4d139.753214!16s%2Fg%2F11qgkgt873!19sChIJTd2WOgyLGGARahzD-4MJdYY?authuser=0&hl=ja&rclk=1,takosu resutoran,takosu resutoran,3.9,10,,,35.6699488,139.753214,https://www.facebook.com/TACOSmiCasaHibiya/menu
ChIJp17dBa6NGGARms8zTwATlv4,Street Food Company,Street Food Company,https://www.google.com/maps/place/Street+Food+Company/data=!4m7!3m6!1s0x60188dae05dd5ea7:0xfe9613004f33cf9a!8m2!3d35.6840176!4d139.6949421!16s%2Fg%2F11s3vprsd7!19sChIJp17dBa6NGGARms8zTwATlv4?authuser=0&hl=ja&rclk=1,mekishikoLiao Li Dian ,mekishikoLiao Li Dian ,5,7,〒151-0053 東京都渋谷区代々木３丁目１３−１,"3-13-1 Yoyogi, Shibuya-ku, Tokyo 151-0053",35.6840176,139.6949421,https://instagram.com/street_food_company?igshid=YmMyMTA2M2Y=
ChIJx-q5CIuLGGARoFwweElUVjI,ララタコス,Lara Tacos,https://www.google.com/maps/place/%E3%83%A9%E3%83%A9%E3%82%BF%E3%82%B3%E3%82%B9/data=!4m7!3m6!1s0x60188b8b08b9eac7:0x3256544978305ca0!8m2!3d35.3157827!4d139.5349802!16s%2Fg%2F11m454g6gj!19sChIJx-q5CIuLGGARoFwweElUVjI?authuser=0&hl=ja&rclk=1,takosu resutoran,takosu resutoran,5,5,〒248-0016 神奈川県鎌倉市長谷３丁目１−３ 大仏前商店,"3-1-3 Hase, Kamakura-shi, Kanagawa 248-0016 Daibutsu-mae Shoten",35.3157827,139.5349802,https://lalataco.fun/menu
ChIJcc3ENwD5GGARhzI7HEN-_uI,Birria Tacos,Birria Tacos,https://www.google.com/maps/place/Birria+Tacos/data=!4m7!3m6!1s0x6018f90037c4cd71:0xe2fe7e431c3b3287!8m2!3d35.5414268!4d139.4485646!16s%2Fg%2F11vm9mm0dc!19sChIJcc3ENwD5GGARhzI7HEN-_uI?authuser=0&hl=ja&rclk=1,mekishikoLiao Li Dian ,mekishikoLiao Li Dian ,5,4,〒194-0013 東京都町田市原町田４丁目５−１８,"4-5-18 Haramachida, Machida-shi, Tokyo 194-0013",35.5414268,139.4485646,https://business.google.com/create?fp=16356649723357770375&hl=ja&authuser=0&gmbsrc=jp-ja-et-ip-z-gmb-s-z-l
ChIJVX-vlJ1dGGARjmxzV-2qg0o,Tacos and beer,Tacos and beer,https://www.google.com/maps/place/Tacos+and+beer/data=!4m7!3m6!1s0x60185d9d94af7f55:0x4a83aaed57736c8e!8m2!3d35.4557575!4d139.641422!16s%2Fg%2F11sb4897wh!19sChIJVX-vlJ1dGGARjmxzV-2qg0o?authuser=0&hl=ja&rclk=1,takosu resutoran,takosu resutoran,4,4,〒231-0001 神奈川県横浜市中区新港２丁目１４−１,"2-14-1 Shinko, Naka-ku, Yokohama-shi, Kanagawa 231-0001",35.4557575,139.641422,https://business.google.com/create?fp=5369323117106916494&hl=ja&authuser=0&gmbsrc=jp-ja-et-ip-z-gmb-s-z-l
ChIJkzsJfN2LGGAR9rpe_tYD7g0,San Tacos,San Tacos,https://www.google.com/maps/place/San+Tacos/data=!4m7!3m6!1s0x60188bdd7c093b93:0xdee03d6fe5ebaf6!8m2!3d35.6568884!4d139.6966581!16s%2Fg%2F11vz4r1xqf!19sChIJkzsJfN2LGGAR9rpe_tYD7g0?authuser=0&hl=ja&rclk=1,takosu resutoran,takosu resutoran,5,4,〒150-0043 東京都渋谷区道玄坂１丁目２０−２ オリエンタル道玄坂安達ビル 101,"101 Oriental Dogenzaka Adachi Building 1-20-2 Dogenzaka, Shibuya-ku, Tokyo 150-0043",35.6568884,139.6966581,https://support.google.com/contributionpolicy/answer/7400114?ref_topic=7422769
ChIJ-VAofACLGGARw_4kE4Ta9Ao,メキシカンバル MAYO 祐天寺,Mexican Bar Mayo Yutenji,https://www.google.com/maps/place/%E3%83%A1%E3%82%AD%E3%82%B7%E3%82%AB%E3%83%B3%E3%83%90%E3%83%AB+MAYO+%E7%A5%90%E5%A4%A9%E5%AF%BA/data=!4m7!3m6!1s0x60188b007c2850f9:0xaf4da841324fec3!8m2!3d35.6373537!4d139.6923646!16s%2Fg%2F11y4ydfr83!19sChIJ-VAofACLGGARw_4kE4Ta9Ao?authuser=0&hl=ja&rclk=1,mekishikoLiao Li Dian ,"mekishikoLiao Li Dian , mekishikantorutaLiao Li Dian ",4.8,4,〒153-0052 東京都目黒区祐天寺２丁目３−１２,"2-3-12 Yutenji, Meguro-ku, Tokyo 153-0052",35.6373537,139.6923646,https://tabelog.com/tokyo/A1317/A131701/13297184/?cid=google_yoyaku
ChIJ5YbNlj1dGGARQujzdsCyCD0,タコス&タコライス墨縄,Tacos & Taco Rice Suminawa,https://www.google.com/maps/place/%E3%82%BF%E3%82%B3%E3%82%B9%26%E3%82%BF%E3%82%B3%E3%83%A9%E3%82%A4%E3%82%B9%E5%A2%A8%E7%B8%84/data=!4m7!3m6!1s0x60185d3d96cd86e5:0x3d08b2c076f3e842!8m2!3d35.4379436!4d139.6277998!16s%2Fg%2F11tjphwk96!19sChIJ5YbNlj1dGGARQujzdsCyCD0?authuser=0&hl=ja&rclk=1,takosu resutoran,takosu resutoran,4.7,3,〒232-0021 神奈川県横浜市南区真金町２丁目１８,"232-0021 2-18 Maganecho, Minami-ku, Yokohama, Kanagawa Prefecture",35.4379436,139.6277998,https://www.instagram.com/tex.mex.mekinawa/
ChIJ5fGt-ir1GGARkheZ8X92_lo,Tacos Guild 駒沢,Tacos Guild Komazawa,https://www.google.com/maps/place/Tacos+Guild+%E9%A7%92%E6%B2%A2/data=!4m7!3m6!1s0x6018f52afaadf1e5:0x5afe767ff1991792!8m2!3d35.6281447!4d139.6560402!16s%2Fg%2F11w3vn7yvl!19sChIJ5fGt-ir1GGARkheZ8X92_lo?authuser=0&hl=ja&rclk=1,resutoran,"resutoran, supotsuFu He Shi She ",4.5,2,〒154-0012 東京都世田谷区駒沢４丁目１３−１０ 2F,"2F, 4-13-10 Komazawa, Setagaya-ku, Tokyo 154-0012",35.6281447,139.6560402,https://takeout.order.airregi.jp/0bdfeb9d
ChIJ_fdzuOOLGGARB_IK4S-2mwU,VOK Tacos,VOK Tacos,https://www.google.com/maps/place/VOK+Tacos/data=!4m7!3m6!1s0x60188be3b873f7fd:0x59bb62fe10af207!8m2!3d35.6716068!4d139.7611405!16s%2Fg%2F11v3tprt9r!19sChIJ_fdzuOOLGGARB_IK4S-2mwU?authuser=0&hl=ja&rclk=1,takosu resutoran,takosu resutoran,5,1,〒104-0061 東京都中央区銀座６丁目３−１６ 泰明ビル 2F,"2F, Taimei Building, 6-3-16 Ginza, Chuo-ku, Tokyo 104-0061",35.6716068,139.7611405,https://instagram.com/voktaco
ChIJK7MFDl1gGGARQjoAz86HD-A,STESKS TACOS,STESKS TACOS,https://www.google.com/maps/place/STESKS+TACOS/data=!4m7!3m6!1s0x6018605d0e05b32b:0xe00f87cecf003a42!8m2!3d35.5619712!4d139.7131797!16s%2Fg%2F11f6nr3fvb!19sChIJK7MFDl1gGGARQjoAz86HD-A?authuser=0&hl=ja&rclk=1,resutoran,resutoran,,,〒144-0051 東京都大田区西蒲田７丁目６４,"64 Nishikamata, 7-chome, Ota-ku, Tokyo 144-0051",35.5619712,139.7131797,https://business.google.com/create?fp=16145272511452428866&hl=ja&authuser=0&gmbsrc=jp-ja-et-ip-z-gmb-s-z-l
ChIJy-V-P_SLGGARIPWqxHcnqaY,BGM COFFEE & TACOS,BGM COFFEE & TACOS,https://www.google.com/maps/place/BGM+COFFEE+%26+TACOS/data=!4m7!3m6!1s0x60188bf43f7ee5cb:0xa6a92777c4aaf520!8m2!3d35.667871!4d139.7467193!16s%2Fg%2F11l2n6mq3t!19sChIJy-V-P_SLGGARIPWqxHcnqaY?authuser=0&hl=ja&rclk=1,takosu resutoran,takosu resutoran,,,〒105-0001 東京都港区虎ノ門２丁目６−２,"6-2 Toranomon, 2-chome, Minato-ku, Tokyo 105-0001",35.667871,139.7467193,https://business.google.com/create?fp=12009173276714267936&hl=ja&authuser=0&gmbsrc=jp-ja-et-ip-z-gmb-s-z-l
ChIJW_RPIubzGGAR73a3w3ux6Do,5958 Roanoke TACOS,5958 Roanoke TACOS,https://www.google.com/maps/place/5958+Roanoke+TACOS/data=!4m7!3m6!1s0x6018f3e6224ff45b:0x3ae8b17bc3b776ef!8m2!3d35.6686278!4d139.6908499!16s%2Fg%2F11f6kwgh6g!19sChIJW_RPIubzGGAR73a3w3ux6Do?authuser=0&hl=ja&rclk=1,takosu resutoran,takosu resutoran,,,〒151-0063 東京都渋谷区富ケ谷１丁目８−７ 飯島ビル 1階,"1F, Iijima Building, 1-8-7 Tomigaya, Shibuya-ku, Tokyo 151-0063",35.6686278,139.6908499,https://www.carimello.com/5958roanoke
